primkey,order_id,jcp_line_number,jcp_component_numb,o_status,ship_date,comp_date,sku,lot,back_order,r_quantity,o_quantity,quality_level,match_flag,mono_flag,set_id,color_id,pick_loc,pick_period,pick_pull_time,iip_nbr,hold_flag,dss_flag,alloc_from_task,ticket_type,,,
500412878,2.02311E+13,12,0,DELETE,4/25/23 0:00,4/25/23 0:00,5130157,75,Y,1,1,0,,N,0,0,K0702B2,41,,2.50411E+11,,N,,A,,,
500266769,2.02311E+13,1,0,DELETE,4/21/23 0:00,4/21/23 0:00,8441071,91,Y,2,2,0,,N,0,0,F4024F1,22,,2.50307E+11,,N,,A,,,
500275737,2.02311E+13,1,0,DELETE,4/21/23 0:00,4/21/23 0:00,7312048,75,Y,2,2,0,,N,0,0,D2934B1,21,,2.50314E+11,,N,,A,,,
500275942,2.02311E+13,1,0,DELETE,4/21/23 0:00,4/21/23 0:00,7312048,75,Y,2,2,0,,N,0,0,D3022D1,21,,2.50314E+11,,N,,A,,,
500276163,2.02311E+13,2,0,DELETE,4/21/23 0:00,4/21/23 0:00,1523000,83,Y,1,1,0,,N,0,0,K2735D3,22,,2.50315E+11,,N,,A,,,
500276164,2.02311E+13,3,0,DELETE,4/21/23 0:00,4/21/23 0:00,1523003,83,Y,1,1,0,,N,0,0,D1833C2,22,,2.50315E+11,,N,,A,,,
500277520,2.02311E+13,1,0,DELETE,4/21/23 0:00,4/21/23 0:00,2332001,398,Y,1,1,0,,N,0,0,E4521A3,25,,2.50315E+11,,N,,A,,,
500277920,2.02311E+13,1,0,DELETE,4/23/23 0:00,4/23/23 0:00,542741,18,Y,1,1,0,,N,0,0,N7513B5,18,,2.50316E+11,,N,,A,,,
500280886,2.02311E+13,1,0,DELETE,4/21/23 0:00,4/21/23 0:00,1121998,1438,Y,1,1,0,,N,0,0,C2233D2,21,,2.50318E+11,,N,,A,,,
500281712,2.02311E+13,1,0,DELETE,4/21/23 0:00,4/21/23 0:00,5640196,67,Y,1,1,0,,N,0,0,D5515E3,21,,2.50318E+11,,N,,A,,,
500281730,2.02311E+13,6,0,DELETE,4/21/23 0:00,4/21/23 0:00,4354523,83,Y,1,1,0,,N,0,0,D6909C1,22,,2.50318E+11,,N,,A,,,
500288893,2.02311E+13,2,0,DELETE,4/21/23 0:00,4/21/23 0:00,8145030,67,Y,1,1,0,,N,0,0,H4830D3,21,,2.50323E+11,,N,,A,,,
500289176,2.02311E+13,1,0,DELETE,4/21/23 0:00,4/21/23 0:00,1040206,26,Y,1,1,0,,N,0,0,B2902E1,22,,2.50324E+11,,N,,A,,,
500292407,2.02311E+13,1,0,DELETE,4/21/23 0:00,4/21/23 0:00,2330365,67,Y,1,1,0,,N,0,0,G2235A3,21,,2.50326E+11,,N,,A,,,
500292551,2.02311E+13,2,0,DELETE,4/21/23 0:00,4/21/23 0:00,8940905,232,Y,1,1,0,,N,0,0,B4523G3,22,,2.50326E+11,,N,,A,,,
500292761,2.02311E+13,2,0,DELETE,4/23/23 0:00,4/23/23 0:00,8160386,75,Y,1,1,0,,N,0,0,C2708B3,17,,2.50326E+11,,N,,A,,,
500293414,2.02311E+13,2,0,DELETE,4/21/23 0:00,4/21/23 0:00,8143076,91,Y,1,1,0,,N,0,0,B0616F3,21,,2.50327E+11,,N,,A,,,
500294348,2.02311E+13,11,0,DELETE,4/21/23 0:00,4/21/23 0:00,8451028,273,Y,1,1,0,,N,0,0,B1810F4,21,,2.50327E+11,,N,,A,,,
500297853,2.02311E+13,7,0,DELETE,4/21/23 0:00,4/21/23 0:00,8451068,91,Y,1,1,0,,N,0,0,H1931C1,21,,2.5033E+11,,N,,A,,,
500297891,2.02311E+13,2,0,DELETE,4/21/23 0:00,4/21/23 0:00,8143076,67,Y,1,1,0,,N,0,0,B0629G5,24,,2.5033E+11,,N,,A,,,
500299107,2.02311E+13,5,0,DELETE,4/21/23 0:00,4/21/23 0:00,8511801,190,Y,2,2,0,,N,0,0,E1532D1,21,,2.50331E+11,,N,,A,,,
500302195,2.02311E+13,2,0,DELETE,4/21/23 0:00,4/21/23 0:00,2889013,67,Y,1,1,0,,N,0,0,F2808C4,21,,2.50333E+11,,N,,A,,,
500302296,2.02311E+13,1,0,DELETE,4/23/23 0:00,4/23/23 0:00,8174076,91,Y,1,1,0,,N,0,0,D5304F2,12,,2.50333E+11,,N,,A,,,
500302928,2.02311E+13,2,0,DELETE,4/21/23 0:00,4/21/23 0:00,8941204,26,Y,1,1,0,,N,0,0,E4720C2,21,,2.50333E+11,,N,,A,,,
500303078,2.02311E+13,8,0,DELETE,4/21/23 0:00,4/21/23 0:00,8421413,75,Y,2,2,0,,N,0,0,A1126C3,22,,2.50333E+11,,N,,A,,,
500304257,2.02311E+13,6,0,DELETE,4/21/23 0:00,4/21/23 0:00,8421427,83,Y,1,1,0,,N,0,0,B4407C2,21,,2.50334E+11,,N,,A,,,
500305274,2.02311E+13,1,0,DELETE,4/23/23 0:00,,8160247,83,Y,1,1,0,,N,0,0,G2934D1,18,,2.50335E+11,N,N,,A,,,
500306005,2.02311E+13,1,0,DELETE,4/21/23 0:00,4/21/23 0:00,5116002,1339,Y,2,2,0,,N,0,0,A4009F1,26,,2.50335E+11,,N,,A,,,
500306019,2.02311E+13,4,0,DELETE,4/21/23 0:00,4/21/23 0:00,3232286,42,Y,1,1,0,,N,0,0,K4513A1,21,,2.50335E+11,,N,,A,,,
500306020,2.02311E+13,1,0,DELETE,4/21/23 0:00,4/21/23 0:00,8251059,91,Y,1,1,0,,N,0,0,A5216G2,21,,2.50335E+11,,N,,A,,,
500306520,2.02311E+13,2,0,DELETE,4/23/23 0:00,4/23/23 0:00,1090648,18,Y,1,1,0,,N,0,0,B4408E2,17,,2.50336E+11,,N,,A,,,
500309979,2.02311E+13,3,0,DELETE,4/21/23 0:00,4/21/23 0:00,8143076,67,Y,1,1,0,,N,0,0,B0629G5,21,,2.50338E+11,,N,,A,,,
500311401,2.02311E+13,1,0,DELETE,4/21/23 0:00,4/21/23 0:00,8511742,83,Y,1,1,0,,N,0,0,J2410G3,21,,2.50339E+11,,N,,A,,,
500312097,2.02311E+13,1,0,DELETE,4/21/23 0:00,4/21/23 0:00,1292010,91,Y,1,1,0,,N,0,0,H4834D1,21,,2.5034E+11,,N,,A,,,
500315087,2.02311E+13,2,0,DELETE,4/24/23 0:00,4/24/23 0:00,8941204,34,Y,1,1,0,,N,0,0,E4511C1,21,,2.50342E+11,,N,,A,,,
500318293,2.02311E+13,2,0,DELETE,4/24/23 0:00,4/24/23 0:00,1494997,42,Y,1,1,0,,N,0,0,F2029E1,21,,2.50344E+11,,N,,A,,,
500319555,2.02311E+13,6,0,DELETE,4/24/23 0:00,4/24/23 0:00,8511742,83,Y,1,1,0,,N,0,0,J2410G3,21,,2.50345E+11,,N,,A,,,
500320259,2.02311E+13,1,0,DELETE,4/24/23 0:00,4/24/23 0:00,2283195,67,Y,1,1,0,,N,0,0,B1615B1,21,,2.50345E+11,,N,,A,,,
500320313,2.02311E+13,1,0,DELETE,4/23/23 0:00,4/23/23 0:00,7313036,18,Y,1,1,0,,N,0,0,B4713E3,13,,2.50345E+11,,N,,A,,,
500320723,2.02311E+13,5,0,DELETE,4/23/23 0:00,4/23/23 0:00,1692050,83,Y,1,1,0,,N,0,0,B0602A2,12,,2.50346E+11,,N,,A,,,
500321343,2.02311E+13,12,0,DELETE,4/23/23 0:00,4/23/23 0:00,1692050,91,Y,1,1,0,,N,0,0,B0617C2,13,,2.50346E+11,,N,,A,,,
500321424,2.02311E+13,1,0,DELETE,4/23/23 0:00,4/23/23 0:00,1692050,91,Y,1,1,0,,N,0,0,B0617C2,17,,2.50346E+11,,N,,A,,,
500321596,2.02311E+13,1,0,DELETE,4/23/23 0:00,4/23/23 0:00,7313036,18,Y,1,1,0,,N,0,0,B0618H2,13,,2.50345E+11,,N,,A,,,
500321812,2.02311E+13,1,0,DELETE,4/23/23 0:00,4/23/23 0:00,8401089,83,Y,1,1,0,,N,0,0,F2727D5,11,,2.50346E+11,,N,,A,,,
500321813,2.02311E+13,2,0,DELETE,4/23/23 0:00,4/23/23 0:00,8400531,281,Y,1,1,0,,N,0,0,G3936H4,11,,2.50346E+11,,N,,A,,,
500321843,2.02311E+13,3,0,DELETE,4/23/23 0:00,4/23/23 0:00,5230126,75,Y,1,1,0,,N,0,0,A4814B3,13,,2.50346E+11,,N,,A,,,
500321881,2.02311E+13,4,0,DELETE,4/23/23 0:00,4/23/23 0:00,8451487,67,Y,1,1,0,,N,0,0,G4222H2,13,,2.50346E+11,,N,,A,,,
500322039,2.02311E+13,2,0,DELETE,4/23/23 0:00,4/23/23 0:00,2880783,34,Y,1,1,0,,N,0,0,B4712F1,11,,2.50346E+11,,N,,A,,,
500322152,2.02311E+13,1,0,DELETE,4/23/23 0:00,4/23/23 0:00,1692050,83,Y,1,1,0,,N,0,0,B0602A2,13,,2.50346E+11,,N,,A,,,
500322226,2.02311E+13,1,0,DELETE,4/24/23 0:00,4/24/23 0:00,2880783,34,Y,1,1,0,,N,0,0,B4427F3,27,,2.50346E+11,,N,,A,,,
500322276,2.02311E+13,2,0,DELETE,4/24/23 0:00,4/24/23 0:00,8511735,497,Y,1,1,0,,N,0,0,G2835B1,21,,2.50346E+11,,N,,A,,,
500322343,2.02311E+13,5,0,DELETE,4/23/23 0:00,4/23/23 0:00,8451028,281,Y,1,1,0,,N,0,0,B1805H1,16,,2.50346E+11,,N,,A,,,
500322412,2.02311E+13,1,0,DELETE,4/24/23 0:00,4/24/23 0:00,7812678,18,Y,1,1,0,,N,0,0,A5036D1,21,,2.50347E+11,,N,,A,,,
500322434,2.02311E+13,1,0,DELETE,4/24/23 0:00,4/24/23 0:00,2231786,67,Y,1,1,0,,N,0,0,C2704G1,21,,2.50347E+11,N,N,,A,,,
500322594,2.02311E+13,2,0,DELETE,4/23/23 0:00,,1894017,117,Y,6,6,0,,N,0,0,J1820D4,13,,2.50347E+11,N,N,,A,,,
500322600,2.02311E+13,3,0,DELETE,4/24/23 0:00,4/24/23 0:00,572002,91,Y,1,1,0,,N,0,0,D1932E2,21,,2.50347E+11,,N,,A,,,
500322686,2.02311E+13,1,0,DELETE,4/24/23 0:00,4/24/23 0:00,1692055,83,Y,1,1,0,,N,0,0,C2634F3,21,,2.50347E+11,,N,,A,,,
500322708,2.02311E+13,2,0,DELETE,4/24/23 0:00,4/24/23 0:00,2237111,182,Y,1,1,0,,N,0,0,B4228D2,21,,2.50347E+11,,N,,A,,,
500322740,2.02311E+13,2,0,DELETE,4/23/23 0:00,4/23/23 0:00,8451068,91,Y,1,1,0,,N,0,0,H1931C1,13,,2.50347E+11,,N,,A,,,
500322886,2.02311E+13,7,0,DELETE,4/23/23 0:00,4/23/23 0:00,1692055,75,Y,1,1,0,,N,0,0,C2601H3,13,,2.50347E+11,,N,,A,,,
500323048,2.02311E+13,1,0,DELETE,4/24/23 0:00,4/24/23 0:00,5040429,83,Y,1,1,0,,N,0,0,C1513A3,21,,2.50347E+11,,N,,A,,,
500323436,2.02311E+13,4,0,DELETE,4/23/23 0:00,4/23/23 0:00,8143076,91,Y,1,1,0,,N,0,0,B0616F3,13,,2.50347E+11,,N,,A,,,
500323727,2.02311E+13,1,0,DELETE,4/24/23 0:00,4/24/23 0:00,9622421,91,Y,1,1,0,,N,0,0,F2729G1,21,,2.50347E+11,,N,,A,,,
500324078,2.02311E+13,1,0,DELETE,4/24/23 0:00,4/24/23 0:00,5116049,109,Y,1,1,0,,N,0,0,J4929F3,26,,2.50347E+11,,N,,A,,,
500324079,2.02311E+13,2,0,DELETE,4/24/23 0:00,4/24/23 0:00,5116002,1339,Y,1,1,0,,N,0,0,A4009F1,26,,2.50347E+11,,N,,A,,,
500329501,2.02311E+13,5,0,DELETE,4/23/23 0:00,4/23/23 0:00,2834006,18,Y,1,1,0,,N,0,0,Q0037A1,13,,2.50351E+11,,N,,A,,,
500333520,2.02311E+13,2,0,DELETE,4/23/23 0:00,4/23/23 0:00,8511742,75,Y,1,1,0,,N,0,0,J2432G3,14,,2.50354E+11,,N,,A,,,
500338586,2.02311E+13,2,0,DELETE,4/23/23 0:00,4/23/23 0:00,2540101,257,Y,1,1,0,,N,0,0,B4421E1,11,,2.50357E+11,,N,,A,,,
500341830,2.02311E+13,6,0,DELETE,4/23/23 0:00,4/23/23 0:00,8511742,83,Y,1,1,0,,N,0,0,J2410G3,18,,2.50359E+11,,N,,A,,,
500346650,2.02311E+13,9,0,DELETE,4/23/23 0:00,4/23/23 0:00,8451028,299,Y,1,1,0,,N,0,0,B1812C1,16,,2.50362E+11,,N,,A,,,
500347342,2.02311E+13,5,0,DELETE,4/24/23 0:00,4/24/23 0:00,1249015,42,Y,1,1,0,,N,0,0,B2821B1,21,,2.50363E+11,,N,,A,,,
500347832,2.02311E+13,1,0,DELETE,4/23/23 0:00,4/23/23 0:00,8941204,34,Y,1,1,0,,N,0,0,E4511C1,16,,2.50363E+11,,N,,A,,,
500353466,2.02311E+13,2,0,DELETE,4/23/23 0:00,4/23/23 0:00,3801362,34,Y,1,1,0,,N,0,0,G2938F1,15,,2.50367E+11,,N,,A,,,
500354218,2.02311E+13,2,0,DELETE,4/24/23 0:00,4/24/23 0:00,2332002,224,Y,1,1,0,,N,0,0,A5211E1,21,,2.50367E+11,,N,,A,,,
500354992,2.02311E+13,3,0,DELETE,4/24/23 0:00,4/24/23 0:00,2332001,398,Y,1,1,0,,N,0,0,E4202H3,21,,2.50368E+11,,N,,A,,,
500369361,2.02311E+13,1,0,DELETE,4/24/23 0:00,4/24/23 0:00,2291323,91,Y,1,1,0,,N,0,0,K4711H1,21,,2.50379E+11,,N,,A,,,
500369808,2.02311E+13,1,0,DELETE,4/23/23 0:00,4/24/23 0:00,1248751,331,Y,2,2,0,,N,0,0,G3818A5,17,,2.50379E+11,N,N,,A,,,
500371373,2.02311E+13,1,0,DELETE,4/24/23 0:00,4/24/23 0:00,8451028,307,Y,1,1,0,,N,0,0,B1829H2,26,,2.5038E+11,,N,,A,,,
500372251,2.02311E+13,4,0,DELETE,4/24/23 0:00,4/24/23 0:00,8406017,109,Y,6,6,0,,N,0,0,B6101F4,27,,2.50381E+11,,N,,A,,,
500373392,2.02311E+13,4,0,DELETE,4/24/23 0:00,,8450204,1297,Y,1,1,0,,N,0,0,B4415D4,34,,2.50381E+11,,N,,A,,,
500373431,2.02311E+13,3,0,DELETE,4/23/23 0:00,4/23/23 0:00,5690272,75,Y,1,1,0,,N,0,0,G3704D4,14,,2.50381E+11,,N,,A,,,
500377332,2.02311E+13,1,0,DELETE,4/24/23 0:00,4/24/23 0:00,5040272,91,Y,1,1,0,,N,0,0,C1111D1,25,,2.50384E+11,,N,,A,,,
500389924,2.02311E+13,4,0,DELETE,4/24/23 0:00,,5368212,67,Y,1,1,0,,N,0,0,B5132E1,31,,2.50394E+11,,N,,A,,,
500394296,2.02311E+13,1,0,DELETE,4/24/23 0:00,4/24/23 0:00,9622046,34,Y,1,1,0,,N,0,0,J1906H4,21,,2.50397E+11,,N,,A,,,
500396031,2.02311E+13,2,0,DELETE,4/23/23 0:00,4/23/23 0:00,8251077,83,Y,1,1,0,,N,0,0,G2823G3,12,,2.50398E+11,,N,,A,,,
500396323,2.02311E+13,1,0,DELETE,4/24/23 0:00,,1523001,117,Y,2,2,0,,N,0,0,F1108E3,31,,2.50398E+11,,N,,A,,,
500397345,2.02311E+13,1,0,DELETE,4/24/23 0:00,4/24/23 0:00,1242440,232,Y,2,2,0,,N,0,0,A4632H2,21,,2.50399E+11,,N,,A,,,
500397371,2.02311E+13,1,0,DELETE,4/23/23 0:00,4/23/23 0:00,8460347,42,Y,1,1,0,,N,0,0,B4021E4,15,,2.50399E+11,,N,,A,,,
500403651,2.02311E+13,3,0,DELETE,4/24/23 0:00,,9622065,26,Y,1,1,0,,N,0,0,C2222D1,36,,2.50404E+11,,N,,A,,,
500404662,2.02311E+13,1,0,DELETE,4/24/23 0:00,,1523000,75,Y,1,1,0,,N,0,0,K2629D1,34,,2.50405E+11,,N,,A,,,
500404857,2.02311E+13,1,0,DELETE,4/24/23 0:00,,1020309,18,Y,1,1,0,,N,0,0,B4029E2,34,,2.50405E+11,,N,,A,,,
500405117,2.02311E+13,1,0,DELETE,4/24/23 0:00,4/24/23 0:00,2256147,67,Y,1,1,0,,N,0,0,H3528C1,21,,2.50405E+11,,N,,A,,,
500406267,2.02311E+13,1,0,DELETE,4/24/23 0:00,,8460329,75,Y,1,1,0,,N,0,0,B0638A3,34,,2.50406E+11,,N,,A,,,
500409801,2.02311E+13,1,0,DELETE,4/24/23 0:00,,3232309,83,Y,2,2,0,,N,0,0,G4326A6,32,,2.50409E+11,,N,,A,,,
500409921,2.02311E+13,1,0,DELETE,4/24/23 0:00,,1249853,109,Y,2,2,0,,N,0,0,D5022E2,33,,2.50409E+11,,N,,A,,,
500410457,2.02311E+13,4,0,DELETE,4/24/23 0:00,,8511742,91,Y,1,1,0,,N,0,0,J2420E2,34,,2.50409E+11,,N,,A,,,
500410921,2.02311E+13,3,0,DELETE,4/24/23 0:00,4/24/23 0:00,8941204,26,Y,1,1,0,,N,0,0,E4720C2,21,,2.5041E+11,,N,,A,,,
500410951,2.02311E+13,2,0,DELETE,4/24/23 0:00,,153012,67,Y,1,1,0,,N,0,0,D1122G3,34,,2.50409E+11,,N,,A,,,
500411002,2.02311E+13,5,0,DELETE,4/24/23 0:00,,8511729,67,Y,1,1,0,,N,0,0,G3540B2,33,,2.5041E+11,,N,,A,,,
500411030,2.02311E+13,7,0,DELETE,4/24/23 0:00,4/24/23 0:00,3487198,59,Y,1,1,0,,N,0,0,F5340B4,21,,2.5041E+11,,N,,A,,,
500411184,2.02311E+13,1,0,DELETE,4/24/23 0:00,,2256147,42,Y,1,1,0,,N,0,0,H3503D3,32,,2.5041E+11,,N,,A,,,
500411429,2.02311E+13,1,0,DELETE,4/24/23 0:00,,1523003,91,Y,1,1,0,,N,0,0,D1938C3,34,,2.5041E+11,,N,,A,,,
500411552,2.02311E+13,1,0,DELETE,4/24/23 0:00,4/24/23 0:00,8941204,34,Y,1,1,0,,N,0,0,E4511C1,21,,2.5041E+11,,N,,A,,,
500413201,2.02311E+13,1,0,DELETE,4/24/23 0:00,,1523000,91,Y,1,1,0,,N,0,0,K2703A1,34,,2.50411E+11,,N,,A,,,
500413344,2.02311E+13,5,0,DELETE,4/25/23 0:00,4/25/23 0:00,8941204,34,Y,1,1,0,,N,0,0,E4511C1,41,,2.50412E+11,,N,,A,,,
500413791,2.02311E+13,1,0,DELETE,4/24/23 0:00,,7312600,18,Y,4,4,0,,N,0,0,B2528D1,39,,2.50412E+11,,N,,A,,,
500413874,2.02311E+13,27,0,DELETE,4/24/23 0:00,,9480177,59,Y,1,1,0,,N,0,0,B0135A1,33,,2.50412E+11,Y,N,,A,,,
500414225,2.02311E+13,1,0,DELETE,4/24/23 0:00,,5201102,141,Y,1,1,0,,N,0,0,K4433E1,37,,2.50412E+11,,N,,A,,,
500416069,2.02311E+13,7,0,DELETE,4/24/23 0:00,,8174076,91,Y,1,1,0,,N,0,0,D5304F2,38,,2.50414E+11,,N,,A,,,
500416855,2.02311E+13,1,0,DELETE,4/25/23 0:00,4/25/23 0:00,8941204,34,Y,1,1,0,,N,0,0,E4511C1,41,,2.50414E+11,,N,,A,,,
500418745,2.02311E+13,1,0,DELETE,4/25/23 0:00,4/25/23 0:00,8174076,91,Y,1,1,0,,N,0,0,D5304F2,41,,2.50415E+11,,N,,A,,,
500418915,2.02311E+13,1,0,DELETE,4/24/23 0:00,,271186,117,Y,1,1,0,,N,0,0,D1129D4,38,,2.50415E+11,,N,,A,,,
500419065,2.02311E+13,3,0,DELETE,4/25/23 0:00,4/25/23 0:00,8451068,91,Y,1,1,0,,N,0,0,H1931C1,41,,2.50416E+11,,N,,A,,,
500419193,2.02311E+13,1,0,DELETE,4/25/23 0:00,4/25/23 0:00,2354003,125,Y,1,1,0,,N,0,0,A1315D1,41,,2.50416E+11,,N,,A,,,
500419422,2.02311E+13,1,0,DELETE,4/25/23 0:00,4/25/23 0:00,1523001,117,Y,1,1,0,,N,0,0,F1108E3,41,,2.50416E+11,,N,,A,,,
500419568,2.02311E+13,3,0,DELETE,4/25/23 0:00,4/25/23 0:00,5830701,497,Y,1,1,0,,N,0,0,C6517A1,41,,2.50416E+11,,N,,A,,,
500420402,2.02311E+13,3,0,DELETE,4/25/23 0:00,4/25/23 0:00,2256147,42,Y,1,1,0,,N,0,0,H3503D3,41,,2.50416E+11,,N,,A,,,
500420633,2.02311E+13,8,0,DELETE,4/25/23 0:00,4/25/23 0:00,3460674,109,Y,1,1,0,,N,0,0,E3813F2,41,,2.50417E+11,,N,,A,,,
500422912,2.02311E+13,3,0,DELETE,4/24/23 0:00,,1091613,18,Y,1,1,0,,N,0,0,J0946G1,38,,2.50418E+11,,N,,A,,,
500423862,2.02311E+13,1,0,DELETE,4/25/23 0:00,4/25/23 0:00,9621272,42,Y,1,1,0,,N,0,0,C2512H5,41,,2.50419E+11,,N,,A,,,
500423867,2.02311E+13,2,0,DELETE,4/24/23 0:00,,8941204,34,Y,1,1,0,,N,0,0,E4511C1,38,,2.50419E+11,,N,,A,,,
500424003,2.02311E+13,2,0,DELETE,4/25/23 0:00,4/25/23 0:00,8511729,83,Y,1,1,0,,N,0,0,G3502A3,41,,2.50419E+11,,N,,A,,,
500424418,2.02311E+13,1,0,DELETE,4/25/23 0:00,4/25/23 0:00,5300239,59,Y,2,2,0,,N,0,0,C0711A2,47,,2.50419E+11,,N,,A,,,
500424474,2.02311E+13,2,0,DELETE,4/25/23 0:00,4/25/23 0:00,8143076,67,Y,1,1,0,,N,0,0,B0629G5,41,,2.50419E+11,,N,,A,,,
500424555,2.02311E+13,2,0,DELETE,4/24/23 0:00,4/24/23 0:00,1292010,109,Y,1,1,0,,N,0,0,H4818D2,21,,2.50419E+11,N,N,,A,,,
500424616,2.02311E+13,1,0,DELETE,4/25/23 0:00,4/25/23 0:00,2291278,83,Y,1,1,0,,N,0,0,G3735H2,41,,2.50419E+11,,N,,A,,,
500424618,2.02311E+13,4,0,DELETE,4/25/23 0:00,4/25/23 0:00,2256147,59,Y,1,1,0,,N,0,0,H3520D2,41,,2.50419E+11,,N,,A,,,
500424731,2.02311E+13,1,0,DELETE,4/25/23 0:00,4/25/23 0:00,8451028,299,Y,1,1,0,,N,0,0,B1812C1,41,,2.50419E+11,,N,,A,,,
500424738,2.02311E+13,7,0,DELETE,4/25/23 0:00,4/25/23 0:00,5130157,83,Y,1,1,0,,N,0,0,J0828A2,41,,2.50419E+11,,N,,A,,,
500425056,2.02311E+13,1,0,DELETE,4/25/23 0:00,,9622061,34,Y,1,1,0,,N,0,0,G2022B1,52,,2.50419E+11,,N,,A,,,
500425095,2.02311E+13,1,0,DELETE,4/24/23 0:00,,1264101,273,Y,1,1,0,,N,0,0,A2910B2,38,,2.50419E+11,,N,,A,,,
500425371,2.02311E+13,3,0,DELETE,4/25/23 0:00,4/25/23 0:00,8941204,34,Y,1,1,0,,N,0,0,E4511C1,41,,2.50419E+11,,N,,A,,,
500425488,2.02311E+13,1,0,DELETE,4/24/23 0:00,4/24/23 0:00,8511742,83,Y,1,1,0,,N,0,0,J2410G3,26,,2.50419E+11,,N,,A,,,
500425596,2.02311E+13,1,0,DELETE,4/24/23 0:00,,7312600,18,Y,3,3,0,,N,0,0,B2605C3,39,,2.50412E+11,,N,,A,,,
500425597,2.02311E+13,1,0,DELETE,4/24/23 0:00,,7312600,18,Y,3,3,0,,N,0,0,B2528F3,39,,2.50412E+11,,N,,A,,,
500426160,2.02311E+13,3,0,DELETE,4/25/23 0:00,4/25/23 0:00,8511742,83,Y,1,1,0,,N,0,0,J2410G3,41,,2.5042E+11,,N,,A,,,
500426184,2.02311E+13,1,0,DELETE,4/24/23 0:00,4/24/23 0:00,2232700,83,Y,1,1,0,,N,0,0,H3905C4,23,,2.5042E+11,,N,,A,,,
500432331,2.02311E+13,1,0,DELETE,4/25/23 0:00,4/25/23 0:00,8511742,83,Y,1,1,0,,N,0,0,J2410G3,41,,2.50425E+11,,N,,A,,,
500435287,2.02311E+13,3,0,DELETE,4/25/23 0:00,4/25/23 0:00,8511742,83,Y,1,1,0,,N,0,0,J2410G3,41,,2.50427E+11,,N,,A,,,
500442456,2.02311E+13,6,0,DELETE,4/24/23 0:00,,3232286,42,Y,1,1,0,,N,0,0,K4513A1,35,,2.50432E+11,,N,,A,,,
500446116,2.02311E+13,2,0,DELETE,4/24/23 0:00,,5780615,265,Y,2,2,0,,N,0,0,G4134D2,36,,2.50434E+11,Y,N,,A,,,
500446172,2.02311E+13,1,0,DELETE,4/24/23 0:00,,672007,83,Y,1,1,0,,N,0,0,F1921F4,35,,2.50434E+11,,N,,A,,,
500447362,2.02311E+13,24,0,DELETE,4/25/23 0:00,4/25/23 0:00,3232286,83,Y,1,1,0,,N,0,0,K4527D2,41,,2.50435E+11,,N,,A,,,
500448472,2.02311E+13,2,0,DELETE,4/24/23 0:00,,5780615,265,Y,1,1,0,,N,0,0,G1436G4,36,,2.50434E+11,Y,N,,A,,,
500453700,2.02311E+13,1,0,DELETE,4/25/23 0:00,4/25/23 0:00,8941204,26,Y,1,1,0,,N,0,0,E4720C2,41,,2.5044E+11,,N,,A,,,
500454468,2.02311E+13,1,0,DELETE,4/24/23 0:00,,5315179,91,Y,1,1,0,,N,0,0,K3427E2,32,,2.5044E+11,,N,,A,,,
500454728,2.02311E+13,1,0,DELETE,4/24/23 0:00,4/24/23 0:00,8421695,75,Y,1,1,0,,N,0,0,D4926A2,25,,2.5044E+11,,N,,A,,,
500454729,2.02311E+13,3,0,DELETE,4/24/23 0:00,4/24/23 0:00,8401244,83,Y,1,1,0,,N,0,0,C3707D2,25,,2.5044E+11,,N,,A,,,
500454730,2.02311E+13,4,0,DELETE,4/24/23 0:00,4/24/23 0:00,7620631,240,Y,1,1,0,,N,0,0,E1519E2,25,,2.5044E+11,,N,,A,,,
500456265,2.02311E+13,2,0,DELETE,4/24/23 0:00,4/24/23 0:00,8941204,34,Y,1,1,0,,N,0,0,E4511C1,29,,2.50441E+11,,N,,A,,,
500457639,2.02311E+13,2,0,DELETE,4/24/23 0:00,,7290660,42,Y,1,1,0,,N,0,0,F3107E3,37,,2.50442E+11,,N,,A,,,
500457863,2.02311E+13,2,0,DELETE,4/25/23 0:00,4/25/23 0:00,8941204,26,Y,1,1,0,,N,0,0,E4720C2,41,,2.50443E+11,,N,,A,,,
500460430,2.02311E+13,3,0,DELETE,4/25/23 0:00,,8143076,67,Y,1,1,0,,N,0,0,B0629G5,53,,2.50444E+11,,N,,A,,,
500466721,2.02311E+13,7,0,DELETE,4/25/23 0:00,4/25/23 0:00,8451028,299,Y,1,1,0,,N,0,0,B1804F2,41,,2.50449E+11,,N,,A,,,
500469520,2.02311E+13,5,0,DELETE,4/25/23 0:00,4/25/23 0:00,8941204,26,Y,1,1,0,,N,0,0,E4720C2,41,,2.50451E+11,,N,,A,,,
500470948,2.02311E+13,2,0,DELETE,4/25/23 0:00,4/25/23 0:00,2831041,67,Y,1,1,0,,N,0,0,N7203D1,41,,2.50452E+11,,N,,A,,,
500472292,2.02311E+13,5,0,DELETE,4/24/23 0:00,,5116002,1321,Y,1,1,0,,N,0,0,A4039C2,31,,2.50453E+11,,N,,A,,,
500474537,2.02311E+13,1,0,DELETE,4/25/23 0:00,,5040290,75,Y,1,1,0,,N,0,0,J2420C2,56,,2.50455E+11,,N,,A,,,
500475897,2.02311E+13,5,0,DELETE,4/26/23 0:00,4/26/23 0:00,8941204,34,Y,1,1,0,,N,0,0,E4511C1,72,,2.50456E+11,,N,,A,,,
500478496,2.02311E+13,1,0,DELETE,4/24/23 0:00,,1236066,281,Y,2,2,0,,N,0,0,H4610D4,36,,2.50457E+11,,N,,A,,,
500481098,2.02311E+13,1,0,DELETE,4/25/23 0:00,,7314679,18,Y,6,6,0,,N,0,0,C3540B3,56,,2.50459E+11,,N,,A,,,
500481104,2.02311E+13,3,0,DELETE,4/25/23 0:00,,1692050,83,Y,1,1,0,,N,0,0,B0602A2,56,,2.50459E+11,,N,,A,,,
500481472,2.02311E+13,4,0,DELETE,4/26/23 0:00,4/26/23 0:00,8451028,281,Y,1,1,0,,N,0,0,B1805H1,73,,2.50459E+11,,N,,A,,,
500482796,2.02311E+13,3,0,DELETE,4/25/23 0:00,,2291240,83,Y,1,1,0,,N,0,0,B0207E4,56,,2.5046E+11,,N,,A,,,
500482798,2.02311E+13,2,0,DELETE,4/25/23 0:00,,8451028,75,Y,1,1,0,,N,0,0,B1802H2,54,,2.5046E+11,,N,,A,,,
500482891,2.02311E+13,3,0,DELETE,4/25/23 0:00,,9432031,26,Y,1,1,0,,N,0,0,E2309F1,56,,2.5046E+11,,N,,A,,,
500483029,2.02311E+13,5,0,DELETE,4/25/23 0:00,,5116002,1339,Y,1,1,0,,N,0,0,A4009F1,56,,2.5046E+11,,N,,A,,,
500483211,2.02311E+13,2,0,DELETE,4/25/23 0:00,,1242440,117,Y,2,2,0,,N,0,0,A4604B2,41,,2.5046E+11,Y,N,,A,,,
500483314,2.02311E+13,1,0,DELETE,4/24/23 0:00,,2239945,91,Y,1,1,0,,N,0,0,K4706D4,38,,2.5046E+11,,N,,A,,,
500483555,2.02311E+13,6,0,DELETE,4/25/23 0:00,,5116003,190,Y,1,1,0,,N,0,0,J3632G5,56,,2.5046E+11,,N,,A,,,
500484944,2.02311E+13,1,0,DELETE,4/24/23 0:00,,2837017,18,Y,1,1,0,,N,0,0,N7332F5,38,,2.50461E+11,,N,,A,,,
500485028,2.02311E+13,1,0,DELETE,4/25/23 0:00,,5230460,117,Y,2,2,0,,N,0,0,B2604B3,56,,2.50461E+11,,N,,A,,,
500485670,2.02311E+13,6,0,DELETE,4/25/23 0:00,,8463145,83,Y,1,1,0,,N,0,0,B2211F1,54,,2.50462E+11,,N,,A,,,
500486604,2.02311E+13,3,0,DELETE,4/24/23 0:00,,2540855,83,Y,1,1,0,,N,0,0,A5208E1,37,,2.50463E+11,,N,,A,,,
500495343,2.02311E+13,1,0,DELETE,4/25/23 0:00,,8530122,125,Y,2,2,0,,N,0,0,G1537C1,57,,2.50469E+11,,N,,A,,,
500495805,2.02311E+13,2,0,DELETE,4/25/23 0:00,,1245043,83,Y,1,1,0,,N,0,0,D5635C2,58,,2.50469E+11,,N,,A,,,
500499293,2.02311E+13,1,0,DELETE,4/25/23 0:00,4/25/23 0:00,1020313,18,Y,1,1,0,,N,0,0,A1135H1,44,,2.50472E+11,,N,,A,,,
500505037,2.02311E+13,2,0,DELETE,4/26/23 0:00,4/26/23 0:00,8511742,83,Y,1,1,0,,N,0,0,J2410G3,74,,2.50476E+11,,N,,A,,,
500505271,2.02311E+13,1,0,DELETE,4/25/23 0:00,,153012,83,Y,1,1,0,,N,0,0,D1135C2,57,,2.50476E+11,,N,,A,,,
500507608,2.02311E+13,1,0,DELETE,4/25/23 0:00,,8511742,83,Y,1,1,0,,N,0,0,J2410G3,58,,2.50478E+11,,N,,A,,,
500508153,2.02311E+13,1,0,DELETE,4/26/23 0:00,4/26/23 0:00,8251077,91,Y,1,1,0,,N,0,0,G2835B3,74,,2.50478E+11,,N,,A,,,
500508961,2.02311E+13,2,0,DELETE,4/26/23 0:00,4/26/23 0:00,8511772,67,Y,1,1,0,,N,0,0,C2325H4,71,,2.50479E+11,,N,,A,,,
500509385,2.02311E+13,4,0,DELETE,4/25/23 0:00,,1523001,67,Y,1,1,0,,N,0,0,F1109D3,58,,2.50479E+11,,N,,A,,,
500512303,2.02311E+13,1,0,DELETE,4/25/23 0:00,,1523000,75,Y,1,1,0,,N,0,0,K2629D1,55,,2.50482E+11,,N,,A,,,
500515202,2.02311E+13,1,0,DELETE,4/25/23 0:00,,2330229,75,Y,1,1,0,,N,0,0,A4305C1,52,,2.50484E+11,,N,,A,,,
500516183,2.02311E+13,3,0,DELETE,4/26/23 0:00,4/26/23 0:00,8421737,1065,Y,1,1,0,,N,0,0,K4114D4,72,,2.50485E+11,,N,,A,,,
500516413,2.02311E+13,4,0,DELETE,4/26/23 0:00,4/26/23 0:00,8145030,67,Y,1,1,0,,N,0,0,H4830D3,72,,2.50485E+11,,N,,A,,,
500519249,2.02312E+13,1,0,DELETE,4/26/23 0:00,4/26/23 0:00,7869347,18,Y,25,25,0,,N,0,0,T0454A2,71,,2.50487E+11,,N,,A,,,
500519789,2.02312E+13,2,0,DELETE,4/26/23 0:00,4/26/23 0:00,9622061,42,Y,1,1,0,,N,0,0,G2028H4,75,,2.50487E+11,,N,,A,,,
500520645,2.02312E+13,1,0,DELETE,4/26/23 0:00,4/26/23 0:00,1020228,18,Y,1,1,0,,N,0,0,H1428E4,75,,2.50488E+11,,N,,A,,,
500521061,2.02312E+13,3,0,SCHED,4/26/23 0:00,,2293119,125,Y,1,1,0,,N,0,0,C2004D1,,,,,N,,,,,
500521407,2.02312E+13,2,0,DELETE,4/25/23 0:00,,2291250,75,Y,1,1,0,,N,0,0,F5217E1,57,,2.50489E+11,,N,,A,,,
500521979,2.02312E+13,1,0,DELETE,4/25/23 0:00,,7214786,18,Y,2,2,0,,N,0,0,A4531B4,57,,2.50489E+11,,N,,A,,,
500522111,2.02312E+13,1,0,DELETE,4/25/23 0:00,,7314697,75,Y,10,10,0,,N,0,0,H2827F3,53,,2.50489E+11,,N,,A,,,
500522335,2.02312E+13,2,0,DELETE,4/25/23 0:00,,8451051,174,Y,1,1,0,,N,0,0,C2121B2,58,,2.50489E+11,,N,,A,,,
500522736,2.02312E+13,1,0,DELETE,4/26/23 0:00,,1214720,422,Y,4,4,0,,N,0,0,G4223G4,77,,2.50489E+11,,N,,A,,,
500522919,2.02312E+13,2,0,DELETE,4/25/23 0:00,,1214707,1669,Y,6,6,0,,N,0,0,E2626B3,58,,2.50489E+11,,N,,A,,,
500523260,2.02312E+13,4,0,DELETE,4/26/23 0:00,,8141786,75,Y,1,1,0,,N,0,0,J3237A6,77,,2.5049E+11,,N,,A,,,
500523949,2.02312E+13,3,0,DELETE,4/26/23 0:00,,2237110,190,Y,1,1,0,,N,0,0,H2003C3,76,,2.5049E+11,,N,,A,,,
500523965,2.02312E+13,1,0,DELETE,4/25/23 0:00,,2285122,59,Y,1,1,0,,N,0,0,B1506F2,57,,2.5049E+11,,N,,A,,,
500523991,2.02312E+13,2,0,DELETE,4/26/23 0:00,,8251059,75,Y,1,1,0,,N,0,0,A5232F1,77,,2.5049E+11,,N,,A,,,
500523992,2.02312E+13,5,0,DELETE,4/26/23 0:00,4/26/23 0:00,4020489,109,Y,1,1,0,,N,0,0,B4401D3,75,,2.5049E+11,,N,,A,,,
500523993,2.02312E+13,3,0,DELETE,4/26/23 0:00,,8511810,182,Y,1,1,0,,N,0,0,B1838E2,76,,2.5049E+11,,N,,A,,,
500524296,2.02312E+13,1,0,DELETE,4/25/23 0:00,,8144059,91,Y,1,1,0,,N,0,0,K3730H3,52,,2.5049E+11,,N,,A,,,
500524365,2.02312E+13,1,0,DELETE,4/26/23 0:00,,2233848,83,Y,1,1,0,,N,0,0,H1233H1,76,,2.5049E+11,,N,,A,,,
500528191,2.02312E+13,9,0,DELETE,4/25/23 0:00,,8440630,34,Y,1,1,0,,N,0,0,B6333E3,52,,2.50493E+11,,N,,A,,,
500531503,2.02312E+13,4,0,DELETE,4/26/23 0:00,,2831016,67,Y,1,1,0,,N,0,0,N7909C3,76,,2.50495E+11,,N,,A,,,
500532126,2.02312E+13,1,0,SCHED,4/26/23 0:00,,4038003,42,Y,1,1,0,,N,0,0,A5237C2,,,,,N,,,,,
500532580,2.02312E+13,1,0,SCHED,4/26/23 0:00,,5230342,216,Y,2,2,0,,N,0,0,F2934C1,,,,,N,,,,,
500532663,2.02312E+13,1,0,DELETE,4/25/23 0:00,,2838008,18,Y,1,1,0,,N,0,0,N7909D7,58,,2.50496E+11,Y,N,,A,,,
500536060,2.02312E+13,1,0,SCHED,4/26/23 0:00,,8251059,75,Y,1,1,0,,N,0,0,A5232F1,,,,,N,,,,,
500540093,2.02312E+13,4,0,SCHED,4/26/23 0:00,,5801543,141,Y,1,1,0,,N,0,0,B4324D1,,,,,N,,,,,
500541339,2.02312E+13,2,0,DELETE,4/26/23 0:00,4/26/23 0:00,8141464,273,Y,1,1,0,,N,0,0,F4705D3,74,,2.50503E+11,,N,,A,,,
500542189,2.02312E+13,8,0,SCHED,4/26/23 0:00,,8451028,281,Y,1,1,0,,N,0,0,B1805H1,,,,,N,,,,,
500543469,2.02312E+13,1,0,SCHED,4/26/23 0:00,,2838074,18,Y,1,1,0,,N,0,0,N7909C5,,,,,N,,,,,
500548205,2.02312E+13,3,0,SCHED,4/26/23 0:00,,8451028,273,Y,1,1,0,,N,0,0,B1810F4,,,,,N,,,,,
500551103,2.02312E+13,1,0,SCHED,4/26/23 0:00,,7664210,18,Y,1,1,0,,N,0,0,B2218F3,,,,,N,,,,,
500552916,2.02312E+13,2,0,SCHED,4/26/23 0:00,,2889013,91,Y,1,1,0,,N,0,0,F2802E4,,,,,N,,,,,
500557614,2.02312E+13,1,0,SCHED,4/27/23 0:00,,9451480,42,Y,1,1,0,,N,0,0,G4716E4,,,,,N,,,,,
500559085,2.02312E+13,1,0,SCHED,4/27/23 0:00,,1692064,34,Y,1,1,0,,N,0,0,A3913B4,,,,,N,,,,,
500559752,2.02312E+13,1,0,SCHED,4/27/23 0:00,,2291258,67,Y,1,1,0,,N,0,0,A3507A2,,,,,N,,,,,
500560015,2.02312E+13,2,0,SCHED,4/27/23 0:00,,8451038,91,Y,1,1,0,,N,0,0,K3801D2,,,,,N,,,,,
500561350,2.02312E+13,4,0,SCHED,4/27/23 0:00,,8421636,299,Y,1,1,0,,N,0,0,K3836G6,,,,,N,,,,,
500561363,2.02312E+13,1,0,SCHED,4/27/23 0:00,,8511763,109,Y,1,1,0,,N,0,0,C1210A3,,,,,N,,,,,
500561365,2.02312E+13,2,0,SCHED,4/27/23 0:00,,8511737,83,Y,1,1,0,,N,0,0,H2406H1,,,,,N,,,,,
500561368,2.02312E+13,1,0,DELETE,4/26/23 0:00,,2530637,91,Y,1,1,0,,N,0,0,G4707E1,1,,2.50517E+11,,N,,A,,,
500562083,2.02312E+13,7,0,SCHED,4/27/23 0:00,,8145021,67,Y,1,1,0,,N,0,0,A3721B5,,,,,N,,,,,
500562137,2.02312E+13,4,0,SCHED,4/27/23 0:00,,2233913,75,Y,1,1,0,,N,0,0,A1530C3,,,,,N,,,,,
500562157,2.02312E+13,4,0,SCHED,4/27/23 0:00,,8511735,695,Y,1,1,0,,N,0,0,G2811G5,,,,,N,,,,,
500562479,2.02312E+13,3,0,SCHED,4/27/23 0:00,,9622035,26,Y,1,1,0,,N,0,0,A4224G3,,,,,N,,,,,
500562915,2.02312E+13,1,0,DELETE,4/26/23 0:00,,7216319,26,Y,2,2,0,,N,0,0,J4019G1,77,,2.50518E+11,,N,,A,,,
500563127,2.02312E+13,21,0,SCHED,4/27/23 0:00,,8511742,91,Y,1,1,0,,N,0,0,J2420E2,,,,,N,,,,,
500563128,2.02312E+13,22,0,SCHED,4/27/23 0:00,,8511742,83,Y,1,1,0,,N,0,0,J2410G3,,,,,N,,,,,
500563270,2.02312E+13,1,0,SCHED,4/27/23 0:00,,4220428,42,Y,1,1,0,,N,0,0,B6903F4,,,,,N,,,,,
500563324,2.02312E+13,1,0,SCHED,4/27/23 0:00,,5004108,109,Y,5,5,0,,N,0,0,B1936H5,,,,,N,,,,,
500563361,2.02312E+13,1,0,SCHED,4/27/23 0:00,,2233848,67,Y,1,1,0,,N,0,0,H1207B1,,,,,N,,,,,
500563443,2.02312E+13,5,0,SCHED,4/27/23 0:00,,1372003,26,Y,1,1,0,,N,0,0,N7911E3,,,,,N,,,,,
500563519,2.02312E+13,1,0,SCHED,4/27/23 0:00,,5780152,83,Y,1,1,0,,N,0,0,D3705A3,,,,,N,,,,,
500566598,2.02312E+13,1,0,SCHED,4/27/23 0:00,,2838086,18,Y,1,1,0,,N,0,0,Q1616A1,,,,,N,,,,,
500567606,2.02312E+13,2,0,SCHED,4/27/23 0:00,,5130447,91,Y,1,1,0,,N,0,0,B5935E4,,,,,N,,,,,
500567607,2.02312E+13,7,0,SCHED,4/27/23 0:00,,2440585,42,Y,1,1,0,,N,0,0,C2511H4,,,,,N,,,,,
500567608,2.02312E+13,8,0,SCHED,4/27/23 0:00,,5250284,687,Y,1,1,0,,N,0,0,B3702E1,,,,,N,,,,,
500567651,2.02312E+13,1,0,SCHED,4/27/23 0:00,,5640196,83,Y,1,1,0,,N,0,0,D2903E3,,,,,N,,,,,
500567655,2.02312E+13,2,0,SCHED,4/27/23 0:00,,3554926,83,Y,1,1,0,,N,0,0,B5938E4,,,,,N,,,,,
500567687,2.02312E+13,4,0,SCHED,4/27/23 0:00,,2293146,182,Y,1,1,0,,N,0,0,D6931C2,,,,,N,,,,,
500567742,2.02312E+13,2,0,SCHED,4/27/23 0:00,,5234009,372,Y,1,1,0,,N,0,0,E4215H1,,,,,N,,,,,
500567746,2.02312E+13,2,0,SCHED,4/27/23 0:00,,5234038,521,Y,1,1,0,,N,0,0,B6102G3,,,,,N,,,,,
500567747,2.02312E+13,3,0,SCHED,4/27/23 0:00,,5230460,208,Y,1,1,0,,N,0,0,B6908B5,,,,,N,,,,,
500567781,2.02312E+13,4,0,SCHED,4/27/23 0:00,,3231305,42,Y,1,1,0,,N,0,0,B4327E4,,,,,N,,,,,
500567789,2.02312E+13,1,0,SCHED,4/27/23 0:00,,2236586,83,Y,1,1,0,,N,0,0,D2533E2,,,,,N,,,,,
500567800,2.02312E+13,3,0,SCHED,4/27/23 0:00,,5130447,91,Y,1,1,0,,N,0,0,B5935E4,,,,,N,,,,,
500567830,2.02312E+13,4,0,DELETE,4/26/23 0:00,,7660574,75,Y,1,1,0,,N,0,0,A4413D2,76,,2.50522E+11,,N,,A,,,
500567831,2.02312E+13,5,0,DELETE,4/26/23 0:00,,8450863,109,Y,1,1,0,,N,0,0,B5939D4,76,,2.50522E+11,,N,,A,,,
500567832,2.02312E+13,7,0,DELETE,4/26/23 0:00,,8421435,299,Y,1,1,0,,N,0,0,J1031G2,76,,2.50522E+11,,N,,A,,,
500567883,2.02312E+13,11,0,SCHED,4/27/23 0:00,,3554770,67,Y,1,1,0,,N,0,0,D2332D1,,,,,N,,,,,
500568340,2.02312E+13,3,0,SCHED,4/27/23 0:00,,5443034,125,Y,1,1,0,,N,0,0,B6207E1,,,,,N,,,,,
500568341,2.02312E+13,10,0,SCHED,4/27/23 0:00,,4152848,59,Y,1,1,0,,N,0,0,B6235E3,,,,,N,,,,,
500568342,2.02312E+13,13,0,SCHED,4/27/23 0:00,,2580633,91,Y,1,1,0,,N,0,0,B5940D1,,,,,N,,,,,
500568343,2.02312E+13,16,0,SCHED,4/27/23 0:00,,5630208,661,Y,1,1,0,,N,0,0,E1636F3,,,,,N,,,,,
500571754,2.02312E+13,4,0,SCHED,4/27/23 0:00,,3241057,83,Y,1,1,0,,N,0,0,B6335D2,,,,,N,,,,,
500571814,2.02312E+13,2,0,SCHED,4/27/23 0:00,,5051295,83,Y,1,1,0,,N,0,0,B4613E4,,,,,N,,,,,
500584318,2.02312E+13,1,0,SCHED,4/27/23 0:00,,5312650,59,Y,1,1,0,,N,0,0,E2919H1,,,,,N,,,,,
500586993,2.02312E+13,2,0,SCHED,4/27/23 0:00,,1121998,1065,Y,1,1,0,,N,0,0,D2427E1,,,,,N,,,,,
495619251,2.02311E+13,1,0,DELETE,4/25/23 0:00,4/25/23 0:00,1523000,109,Y,1,1,0,,N,0,0,D0728G1,4,,3.10102E+11,,N,,A,,,
495620030,2.02311E+13,1,0,DELETE,4/25/23 0:00,4/25/23 0:00,240517,109,Y,1,1,0,,N,0,0,E0626A2,2,,3.10102E+11,,N,,A,,,
495621618,2.02311E+13,1,0,DELETE,4/24/23 0:00,,1523000,83,Y,2,2,0,,N,0,0,D0723F1,25,,3.10103E+11,,N,,A,,,
495621760,2.02311E+13,1,0,DELETE,4/25/23 0:00,4/25/23 0:00,153008,59,Y,1,1,0,,N,0,0,M1216E2,5,,3.10103E+11,,N,,A,,,
495623384,2.02311E+13,1,0,DELETE,4/25/23 0:00,4/25/23 0:00,8451068,91,Y,1,1,0,,N,0,0,N1936H4,2,,3.10104E+11,,N,,A,,,
495624051,2.02311E+13,4,0,DELETE,4/25/23 0:00,4/25/23 0:00,8511742,83,Y,1,1,0,,N,0,0,B1915D1,5,,3.10105E+11,,N,,A,,,
495624052,2.02311E+13,5,0,DELETE,4/25/23 0:00,4/25/23 0:00,8451028,281,Y,1,1,0,,N,0,0,N3302B1,5,,3.10105E+11,,N,,A,,,
495624539,2.02311E+13,1,0,DELETE,4/25/23 0:00,4/25/23 0:00,8451028,463,Y,1,1,0,,N,0,0,N3302A1,3,,3.10105E+11,,N,,A,,,
495626756,2.02311E+13,1,0,DELETE,4/24/23 0:00,,5004029,109,Y,1,1,0,,N,0,0,A4807C3,25,,3.10106E+11,,N,,A,,,
495626984,2.02311E+13,1,0,DELETE,4/25/23 0:00,4/25/23 0:00,1523002,109,Y,1,1,0,,N,0,0,D0725G1,8,,3.10107E+11,,N,,A,,,
495627073,2.02311E+13,1,0,DELETE,4/25/23 0:00,4/25/23 0:00,5830566,307,Y,1,1,0,,N,0,0,D4405F1,5,,3.10107E+11,,N,,A,,,
495627092,2.02311E+13,3,0,DELETE,4/25/23 0:00,4/25/23 0:00,8511742,83,Y,1,1,0,,N,0,0,B1915D1,6,,3.10107E+11,,N,,A,,,
495627850,2.02311E+13,1,0,DELETE,4/25/23 0:00,4/25/23 0:00,2241105,34,Y,1,1,0,,N,0,0,F3801D3,5,,3.10107E+11,,N,,A,,,
495628017,2.02311E+13,1,0,DELETE,4/25/23 0:00,4/25/23 0:00,153012,91,Y,1,1,0,,N,0,0,F5932B1,8,,3.10107E+11,,N,,A,,,
495628116,2.02311E+13,28,0,DELETE,4/25/23 0:00,4/25/23 0:00,3232286,109,Y,1,1,0,,N,0,0,P2024B3,5,,3.10107E+11,,N,,A,,,
495628372,2.02311E+13,1,0,DELETE,4/25/23 0:00,4/25/23 0:00,8460426,281,Y,1,1,0,,N,0,0,N3417H1,5,,3.10107E+11,,N,,A,,,
495628381,2.02311E+13,8,0,DELETE,4/25/23 0:00,4/25/23 0:00,8143076,67,Y,1,1,0,,N,0,0,G2001E3,5,,3.10107E+11,,N,,A,,,
495628896,2.02311E+13,1,0,DELETE,4/25/23 0:00,4/25/23 0:00,5040458,91,Y,1,1,0,,N,0,0,M3201F1,2,,3.10108E+11,,N,,A,,,
495628966,2.02311E+13,1,0,DELETE,4/25/23 0:00,4/25/23 0:00,8511742,75,Y,1,1,0,,N,0,0,B1933F5,6,,3.10108E+11,,N,,A,,,
495629000,2.02311E+13,4,0,DELETE,4/25/23 0:00,4/25/23 0:00,8451028,299,Y,1,1,0,,N,0,0,N3316H2,3,,3.10108E+11,,N,,A,,,
495629290,2.02311E+13,1,0,DELETE,4/25/23 0:00,4/25/23 0:00,8451067,109,Y,1,1,0,,N,0,0,E3602H4,3,,3.10108E+11,,N,,A,,,
495629296,2.02311E+13,1,0,DELETE,4/25/23 0:00,4/25/23 0:00,1523000,75,Y,1,1,0,,N,0,0,D0708E1,2,,3.10108E+11,,N,,A,,,
495629452,2.02311E+13,4,0,DELETE,4/25/23 0:00,4/25/23 0:00,8451068,91,Y,1,1,0,,N,0,0,N1936H4,3,,3.10108E+11,,N,,A,,,
495635060,2.02311E+13,1,0,DELETE,4/24/23 0:00,4/24/23 0:00,8451068,91,Y,1,1,0,,N,0,0,N1936H4,62,,3.10112E+11,,N,,A,,,
495643411,2.02311E+13,8,0,DELETE,4/25/23 0:00,4/25/23 0:00,8451068,91,Y,1,1,0,,N,0,0,N1936H4,4,,3.10118E+11,,N,,A,,,
495645453,2.02311E+13,5,0,DELETE,4/25/23 0:00,4/25/23 0:00,3232286,109,Y,1,1,0,,N,0,0,P2024B3,6,,3.10119E+11,,N,,A,,,
495649869,2.02311E+13,1,0,DELETE,4/24/23 0:00,,8580604,59,Y,1,1,0,,N,0,0,F4320D1,26,,3.10122E+11,,N,,A,,,
495649870,2.02311E+13,3,0,DELETE,4/24/23 0:00,,8141605,83,Y,1,1,0,,N,0,0,P4002F2,26,,3.10122E+11,,N,,A,,,
495649972,2.02311E+13,2,0,DELETE,4/25/23 0:00,4/25/23 0:00,5040272,83,Y,1,1,0,,N,0,0,N4324A1,8,,3.10122E+11,,N,,A,,,
495652241,2.02311E+13,2,0,DELETE,4/24/23 0:00,,8941204,34,Y,1,1,0,,N,0,0,B2909A1,26,,3.10124E+11,,N,,A,,,
495659326,2.02311E+13,1,0,DELETE,4/25/23 0:00,4/25/23 0:00,8143076,75,Y,1,1,0,,N,0,0,G2022D1,4,,3.10129E+11,,N,,A,,,
495668223,2.02311E+13,1,0,DELETE,4/25/23 0:00,4/25/23 0:00,1790324,75,Y,1,1,0,,N,0,0,M3919C4,1,,3.10136E+11,,N,,A,,,
495668224,2.02311E+13,3,0,DELETE,4/25/23 0:00,4/25/23 0:00,1790324,75,Y,1,1,0,,N,0,0,M3919C4,1,,3.10136E+11,,N,,A,,,
495669545,2.02311E+13,4,0,DELETE,4/25/23 0:00,4/25/23 0:00,8451068,91,Y,1,1,0,,N,0,0,N1936H4,1,,3.10137E+11,,N,,A,,,
495670986,2.02311E+13,7,0,DELETE,4/25/23 0:00,,1523000,91,Y,1,1,0,,N,0,0,D0721C1,81,,3.10138E+11,,N,,A,,,
495674589,2.02311E+13,3,0,DELETE,4/25/23 0:00,4/25/23 0:00,8941204,34,Y,1,1,0,,N,0,0,B2909A1,2,,3.1014E+11,,N,,A,,,
495674840,2.02311E+13,4,0,DELETE,4/25/23 0:00,4/25/23 0:00,8451068,91,Y,1,1,0,,N,0,0,N1936H4,2,,3.1014E+11,,N,,A,,,
495675098,2.02311E+13,1,0,DELETE,4/24/23 0:00,4/24/23 0:00,8174086,83,Y,1,1,0,,N,0,0,A4136C1,64,,3.1014E+11,,N,,A,,,
495677749,2.02311E+13,1,0,DELETE,4/25/23 0:00,,8251059,91,Y,1,1,0,,N,0,0,D2311H2,81,,3.10142E+11,,N,,A,,,
495680464,2.02311E+13,1,0,DELETE,4/25/23 0:00,4/25/23 0:00,8511742,91,Y,1,1,0,,N,0,0,B1922F5,6,,3.10144E+11,,N,,A,,,
495680722,2.02311E+13,1,0,DELETE,4/25/23 0:00,4/25/23 0:00,8451068,75,Y,1,1,0,,N,0,0,N1924F6,7,,3.10144E+11,,N,,A,,,
495680965,2.02311E+13,2,0,DELETE,4/25/23 0:00,,9451444,34,Y,1,1,0,,N,0,0,C4134C1,85,,3.10144E+11,,N,,A,,,
495682262,2.02311E+13,2,0,DELETE,4/25/23 0:00,,8511742,83,Y,1,1,0,,N,0,0,B1915D1,85,,3.10145E+11,,N,,A,,,
495682868,2.02311E+13,3,0,DELETE,4/24/23 0:00,,2353145,182,Y,1,1,0,,N,0,0,N1410B3,65,,3.10145E+11,,N,,A,,,
495684038,2.02311E+13,2,0,DELETE,4/25/23 0:00,,9622163,232,Y,1,1,0,,N,0,0,R1416C3,82,,3.10146E+11,,N,,A,,,
495687607,2.02311E+13,2,0,DELETE,4/25/23 0:00,,5040272,83,Y,2,2,0,,N,0,0,N4324A1,85,,3.10148E+11,,N,,A,,,
495690876,2.02311E+13,2,0,DELETE,4/25/23 0:00,,572005,109,Y,1,1,0,,N,0,0,F6110F1,82,,3.10151E+11,,N,,A,,,
495690900,2.02311E+13,1,0,DELETE,4/25/23 0:00,,572005,109,Y,1,1,0,,N,0,0,F6110F1,82,,3.10151E+11,,N,,A,,,
495692213,2.02311E+13,1,0,DELETE,4/25/23 0:00,,572002,117,Y,1,1,0,,N,0,0,F6126C1,82,,3.10152E+11,,N,,A,,,
495692868,2.02311E+13,3,0,DELETE,4/25/23 0:00,4/25/23 0:00,153012,67,Y,1,1,0,,N,0,0,F5938C2,1,,3.10152E+11,,N,,A,,,
495693559,2.02311E+13,1,0,DELETE,4/25/23 0:00,4/25/23 0:00,8441071,75,Y,2,2,0,,N,0,0,D3738D4,1,,3.10153E+11,,N,,A,,,
495693581,2.02311E+13,3,0,DELETE,4/25/23 0:00,,572003,117,Y,1,1,0,,N,0,0,A6308C2,88,,3.10153E+11,,N,,A,,,
495693714,2.02311E+13,2,0,DELETE,4/25/23 0:00,,572002,109,Y,1,1,0,,N,0,0,F6127D2,82,,3.10153E+11,,N,,A,,,
495693828,2.02311E+13,1,0,DELETE,4/25/23 0:00,4/25/23 0:00,572002,117,Y,1,1,0,,N,0,0,F6126C1,1,,3.10153E+11,,N,,A,,,
495694105,2.02311E+13,4,0,DELETE,4/25/23 0:00,,572003,117,Y,1,1,0,,N,0,0,A6308C2,82,,3.10153E+11,,N,,A,,,
495696972,2.02311E+13,2,0,DELETE,4/25/23 0:00,,572005,109,Y,1,1,0,,N,0,0,F6110F1,85,,3.10155E+11,,N,,A,,,
495699548,2.02311E+13,2,0,DELETE,4/25/23 0:00,,8700256,83,Y,1,1,0,,N,0,0,N0908E1,86,,3.10157E+11,,N,,A,,,
495699656,2.02311E+13,7,0,DELETE,4/25/23 0:00,,8143076,75,Y,2,2,0,,N,0,0,G2022D1,86,,3.10157E+11,N,N,,A,,,
495702174,2.02311E+13,2,0,DELETE,4/25/23 0:00,,572002,109,Y,1,1,0,,N,0,0,F6127D2,87,,3.10159E+11,,N,,A,,,
495702483,2.02311E+13,6,0,DELETE,4/25/23 0:00,,8511742,83,Y,1,1,0,,N,0,0,B1915D1,83,,3.10159E+11,,N,,A,,,
495703121,2.02311E+13,2,0,DELETE,4/25/23 0:00,,2256147,67,Y,1,1,0,,N,0,0,F3209E6,83,,3.1016E+11,,N,,A,,,
495705074,2.02311E+13,2,0,DELETE,4/25/23 0:00,4/25/23 0:00,2238096,208,Y,1,1,0,,N,0,0,R1814D1,8,,3.10161E+11,,N,,A,,,
495705958,2.02311E+13,1,0,DELETE,4/25/23 0:00,4/25/23 0:00,8170155,83,Y,1,1,0,,N,0,0,M4005D1,1,,3.10162E+11,,N,,A,,,
495706078,2.02311E+13,2,0,DELETE,4/25/23 0:00,,8451050,91,Y,1,1,0,,N,0,0,N1623F5,88,,3.10162E+11,,N,,A,,,
495706382,2.02311E+13,3,0,DELETE,4/25/23 0:00,,2880783,34,Y,1,1,0,,N,0,0,B2924G1,83,,3.10162E+11,,N,,A,,,
495706419,2.02311E+13,5,0,DELETE,4/25/23 0:00,4/25/23 0:00,3781149,34,Y,1,1,0,,N,0,0,N4215D1,8,,3.10162E+11,,N,,A,,,
495707306,2.02311E+13,1,0,DELETE,4/25/23 0:00,4/25/23 0:00,8511778,182,Y,1,1,0,,N,0,0,M2238F1,8,,3.10163E+11,,N,,A,,,
495707428,2.02311E+13,3,0,DELETE,4/25/23 0:00,,8441008,141,Y,2,2,0,,N,0,0,C3630D1,83,,3.10163E+11,,N,,A,,,
495707537,2.02311E+13,4,0,DELETE,4/25/23 0:00,,2833003,18,Y,1,1,0,,N,0,0,J0924B1,83,,3.10163E+11,,N,,A,,,
495708589,2.02311E+13,1,0,DELETE,4/25/23 0:00,,2288060,240,Y,1,1,0,,N,0,0,C4202H1,86,,3.10164E+11,,N,,A,,,
495708645,2.02311E+13,3,0,DELETE,4/25/23 0:00,,1061964,117,Y,1,1,0,,N,0,0,F6716C1,83,,3.10164E+11,,N,,A,,,
495708649,2.02311E+13,1,0,DELETE,4/25/23 0:00,,8160450,83,Y,1,1,0,,N,0,0,E4302F2,83,,3.10164E+11,,N,,A,,,
495709564,2.02311E+13,3,0,DELETE,4/25/23 0:00,4/25/23 0:00,3211784,75,Y,1,1,0,,N,0,0,M2824D1,8,,3.10165E+11,,N,,A,,,
495709715,2.02311E+13,2,0,DELETE,4/25/23 0:00,4/25/23 0:00,8460326,109,Y,1,1,0,,N,0,0,F0917C2,2,,3.10165E+11,,N,,A,,,
495710984,2.02311E+13,2,0,DELETE,4/25/23 0:00,,2241105,67,Y,1,1,0,,N,0,0,F3827B3,83,,3.10166E+11,,N,,A,,,
495711530,2.02311E+13,1,0,DELETE,4/25/23 0:00,,2242576,67,Y,1,1,0,,N,0,0,F3229C1,88,,3.10166E+11,,N,,A,,,
495712314,2.02311E+13,1,0,DELETE,4/25/23 0:00,,8460326,109,Y,1,1,0,,N,0,0,F0917C2,87,,3.10167E+11,,N,,A,,,
495712351,2.02311E+13,1,0,DELETE,4/25/23 0:00,,8600972,83,Y,1,1,0,,N,0,0,F3601F5,83,,3.10167E+11,,N,,A,,,
495712420,2.02311E+13,1,0,DELETE,4/25/23 0:00,4/25/23 0:00,8460326,91,Y,1,1,0,,N,0,0,F1112C1,3,,3.10167E+11,,N,,A,,,
495712540,2.02311E+13,3,0,DELETE,4/25/23 0:00,,8441063,75,Y,1,1,0,,N,0,0,M2118A1,87,,3.10167E+11,,N,,A,,,
495713159,2.02311E+13,2,0,DELETE,4/25/23 0:00,,5314810,26,Y,1,1,0,,N,0,0,B1308F4,87,,3.10168E+11,,N,,A,,,
495713235,2.02311E+13,1,0,DELETE,4/25/23 0:00,,2236040,174,Y,1,1,0,,N,0,0,F2031F4,88,,3.10168E+11,,N,,A,,,
495713236,2.02311E+13,3,0,DELETE,4/25/23 0:00,4/25/23 0:00,3700516,83,Y,1,1,0,,N,0,0,E2514F6,4,,3.10168E+11,,N,,A,,,
495713457,2.02311E+13,1,0,DELETE,4/25/23 0:00,,8190310,109,Y,1,1,0,,N,0,0,F3934C1,88,,3.10168E+11,,N,,A,,,
495713724,2.02311E+13,2,0,DELETE,4/25/23 0:00,,2237111,208,Y,1,1,0,,N,0,0,N2220F4,87,,3.10168E+11,,N,,A,,,
495714710,2.02311E+13,6,0,DELETE,4/25/23 0:00,,9451444,42,Y,1,1,0,,N,0,0,C4130E3,81,,3.10169E+11,,N,,A,,,
495715946,2.02311E+13,5,0,DELETE,4/25/23 0:00,,8441063,75,Y,1,1,0,,N,0,0,M2118A1,87,,3.10169E+11,,N,,A,,,
495716438,2.02311E+13,2,0,DELETE,4/25/23 0:00,,8451028,265,Y,1,1,0,,N,0,0,N3333B1,82,,3.1017E+11,,N,,A,,,
495716439,2.02311E+13,3,0,DELETE,4/25/23 0:00,,8451028,273,Y,1,1,0,,N,0,0,N3331E1,82,,3.1017E+11,,N,,A,,,
495716895,2.02311E+13,2,0,DELETE,4/25/23 0:00,,2232369,83,Y,1,1,0,,N,0,0,A3111D1,84,,3.1017E+11,,N,,A,,,
495717001,2.02311E+13,2,0,DELETE,4/25/23 0:00,4/25/23 0:00,2237041,224,Y,1,1,0,,N,0,0,N2021D1,3,,3.1017E+11,,N,,A,,,
495717335,2.02311E+13,1,0,DELETE,4/25/23 0:00,,9622061,34,Y,1,1,0,,N,0,0,D2824B1,87,,3.1017E+11,,N,,A,,,
495717864,2.02311E+13,8,0,DELETE,4/25/23 0:00,,8510109,281,Y,1,1,0,,N,0,0,F4510C5,86,,3.10171E+11,,N,,A,,,
495718677,2.02311E+13,1,0,DELETE,4/25/23 0:00,,1090997,18,Y,1,1,0,,N,0,0,B0323C3,84,,3.10171E+11,,N,,A,,,
495719313,2.02311E+13,8,0,DELETE,4/25/23 0:00,,8510109,281,Y,1,1,0,,N,0,0,F3216F1,86,,3.10171E+11,,N,,A,,,
495719522,2.02312E+13,1,0,DELETE,4/25/23 0:00,,8511772,67,Y,1,1,0,,N,0,0,R1147F3,87,,3.10172E+11,,N,,A,,,
495720348,2.02312E+13,9,0,DELETE,4/25/23 0:00,,5060513,67,Y,1,1,0,,N,0,0,F2112D1,86,,3.10172E+11,,N,,A,,,
495722549,2.02312E+13,1,0,DELETE,4/26/23 0:00,4/26/23 0:00,8451028,307,Y,1,1,0,,N,0,0,N3313A1,64,,3.10174E+11,,N,,A,,,
495722550,2.02312E+13,3,0,DELETE,4/26/23 0:00,4/26/23 0:00,8451028,505,Y,1,1,0,,N,0,0,N3332D1,64,,3.10174E+11,,N,,A,,,
495723983,2.02312E+13,4,0,DELETE,4/25/23 0:00,,8251059,91,Y,1,1,0,,N,0,0,D2311H2,86,,3.10175E+11,,N,,A,,,
495724134,2.02312E+13,3,0,DELETE,4/25/23 0:00,,8251059,83,Y,1,1,0,,N,0,0,D2306H1,86,,3.10175E+11,,N,,A,,,
495725602,2.02312E+13,2,0,DELETE,4/26/23 0:00,4/26/23 0:00,5116002,1321,Y,1,1,0,,N,0,0,G4220B3,63,,3.10176E+11,,N,,A,,,
495725989,2.02312E+13,10,0,DELETE,4/25/23 0:00,,3231592,59,Y,1,1,0,,N,0,0,M3938F6,86,,3.10176E+11,,N,,A,,,
495727227,2.02312E+13,3,0,DELETE,4/26/23 0:00,4/26/23 0:00,8143076,75,Y,1,1,0,,N,0,0,G2022D1,63,,3.10177E+11,N,N,,A,,,
495729023,2.02312E+13,8,0,DELETE,4/26/23 0:00,4/26/23 0:00,2194147,42,Y,1,1,0,,N,0,0,Q2609D3,61,,3.10178E+11,,N,,A,,,
495730284,2.02312E+13,7,0,DELETE,4/25/23 0:00,,3555826,67,Y,1,1,0,,N,0,0,D4130E4,86,,3.10179E+11,,N,,A,,,
495732582,2.02312E+13,3,0,DELETE,4/26/23 0:00,4/26/23 0:00,8400816,83,Y,1,1,0,,N,0,0,M3938F4,64,,3.10181E+11,,N,,A,,,
495736866,2.02312E+13,1,0,DELETE,4/26/23 0:00,4/26/23 0:00,2260126,75,Y,1,1,0,,N,0,0,C5426D4,61,,3.10184E+11,,N,,A,,,
495741233,2.02312E+13,3,0,DELETE,4/26/23 0:00,4/26/23 0:00,5312650,75,Y,1,1,0,,N,0,0,B1523F6,61,,3.10187E+11,,N,,A,,,
495744112,2.02312E+13,1,0,DELETE,4/26/23 0:00,4/26/23 0:00,8143076,67,Y,1,1,0,,N,0,0,G0902A2,62,,3.10189E+11,,N,,A,,,
495745592,2.02312E+13,10,0,DELETE,4/26/23 0:00,4/26/23 0:00,2361155,653,Y,1,1,0,,N,0,0,A0803H3,64,,3.1019E+11,,N,,A,,,
495745980,2.02312E+13,1,0,DELETE,4/26/23 0:00,4/26/23 0:00,5780152,83,Y,1,1,0,,N,0,0,B4026D1,63,,3.1019E+11,,N,,A,,,
495747108,2.02312E+13,4,0,DELETE,4/26/23 0:00,4/26/23 0:00,8460436,1271,Y,1,1,0,,N,0,0,A0918H1,62,,3.10191E+11,,N,,A,,,
495747152,2.02312E+13,2,0,DELETE,4/26/23 0:00,,8580647,240,Y,1,1,0,,N,0,0,M2409F6,65,,3.10191E+11,,N,,A,,,
495747172,2.02312E+13,1,0,DELETE,4/26/23 0:00,4/26/23 0:00,7314691,42,Y,4,4,0,,N,0,0,E4116F2,61,,3.10191E+11,,N,,A,,,
495747439,2.02312E+13,2,0,DELETE,4/26/23 0:00,4/26/23 0:00,7169087,1248,Y,1,1,0,,N,0,0,F4237D1,64,,3.10191E+11,,N,,A,,,
495748062,2.02312E+13,1,0,DELETE,4/26/23 0:00,4/26/23 0:00,153012,91,Y,1,1,0,,N,0,0,F5932B1,62,,3.10192E+11,,N,,A,,,
495748494,2.02312E+13,1,0,DELETE,4/26/23 0:00,4/26/23 0:00,572003,109,Y,1,1,0,,N,0,0,A6022C2,62,,3.10192E+11,,N,,A,,,
495748809,2.02312E+13,4,0,DELETE,4/26/23 0:00,4/26/23 0:00,8144059,109,Y,1,1,0,,N,0,0,D4409B3,64,,3.10192E+11,,N,,A,,,
495748872,2.02312E+13,1,0,DELETE,4/26/23 0:00,4/26/23 0:00,2232304,83,Y,1,1,0,,N,0,0,D4419E4,64,,3.10193E+11,,N,,A,,,
495749185,2.02312E+13,1,0,DELETE,4/26/23 0:00,4/26/23 0:00,8965161,91,Y,1,1,0,,N,0,0,D3326A1,62,,3.10193E+11,,N,,A,,,
495749305,2.02312E+13,1,0,DELETE,4/26/23 0:00,,9622175,34,Y,1,1,0,,N,0,0,M1518F1,21,,3.10193E+11,,N,,A,,,
495749368,2.02312E+13,1,0,DELETE,4/26/23 0:00,4/26/23 0:00,8141552,190,Y,1,1,0,,N,0,0,N2329D1,62,,3.10193E+11,,N,,A,,,
495750559,2.02312E+13,1,0,DELETE,4/26/23 0:00,4/26/23 0:00,8143076,67,Y,1,1,0,,N,0,0,G0902A2,62,,3.10194E+11,,N,,A,,,
495752214,2.02312E+13,1,0,DELETE,4/26/23 0:00,4/26/23 0:00,8143076,67,Y,1,1,0,,N,0,0,G0902A2,62,,3.10195E+11,,N,,A,,,
495753132,2.02312E+13,6,0,DELETE,4/26/23 0:00,,1692050,83,Y,1,1,0,,N,0,0,H1712D1,21,,3.10196E+11,,N,,A,,,
495753289,2.02312E+13,3,0,DELETE,4/26/23 0:00,4/26/23 0:00,5130157,109,Y,1,1,0,,N,0,0,P1901G1,62,,3.10196E+11,,N,,A,,,
495753657,2.02312E+13,1,0,DELETE,4/26/23 0:00,4/26/23 0:00,5116004,489,Y,1,1,0,,N,0,0,C2101H2,62,,3.10196E+11,,N,,A,,,
495754074,2.02312E+13,2,0,DELETE,4/26/23 0:00,4/26/23 0:00,2231798,67,Y,1,1,0,,N,0,0,E3320B2,64,,3.10196E+11,,N,,A,,,
495754422,2.02312E+13,2,0,DELETE,4/26/23 0:00,,2231798,67,Y,1,1,0,,N,0,0,E3320B2,65,,3.10197E+11,,N,,A,,,
495754879,2.02312E+13,2,0,DELETE,4/26/23 0:00,4/26/23 0:00,1692050,75,Y,1,1,0,,N,0,0,H1713D1,64,,3.10197E+11,,N,,A,,,
495755472,2.02312E+13,1,0,DELETE,4/26/23 0:00,4/26/23 0:00,8174083,83,Y,1,1,0,,N,0,0,P3913F2,63,,3.10197E+11,,N,,A,,,
495758866,2.02312E+13,2,0,DELETE,4/26/23 0:00,,4020425,18,Y,1,1,0,,N,0,0,D3827H1,65,,3.102E+11,,N,,A,,,
495759310,2.02312E+13,3,0,DELETE,4/26/23 0:00,,8511742,91,Y,1,1,0,,N,0,0,B1922F5,24,,3.102E+11,,N,,A,,,
495759773,2.02312E+13,1,0,DELETE,4/26/23 0:00,,240517,109,Y,1,1,0,,N,0,0,E0626A2,24,,3.102E+11,,N,,A,,,
495761584,2.02312E+13,2,0,DELETE,4/26/23 0:00,,2293217,83,Y,1,1,0,,N,0,0,C3925D1,24,,3.10201E+11,,N,,A,,,
495762076,2.02312E+13,4,0,DELETE,4/26/23 0:00,,8451028,299,Y,1,1,0,,N,0,0,N3316H2,65,,3.10202E+11,,N,,A,,,
495762088,2.02312E+13,1,0,DELETE,4/26/23 0:00,,9621272,34,Y,1,1,0,,N,0,0,N1115A2,65,,3.10202E+11,,N,,A,,,
495763959,2.02312E+13,2,0,DELETE,4/26/23 0:00,,8141552,190,Y,1,1,0,,N,0,0,N2329D1,23,,3.10203E+11,,N,,A,,,
495764347,2.02312E+13,1,0,DELETE,4/26/23 0:00,,2284114,91,Y,2,2,0,,N,0,0,D2535A2,23,,3.10203E+11,,N,,A,,,
495764348,2.02312E+13,8,0,DELETE,4/26/23 0:00,,8141767,91,Y,1,1,0,,N,0,0,H3814C1,23,,3.10203E+11,,N,,A,,,
495764359,2.02312E+13,1,0,SCHED,4/27/23 0:00,,1692013,34,Y,1,1,0,,N,0,0,D2534D1,,,,,N,,,,,
495764384,2.02312E+13,2,0,DELETE,4/26/23 0:00,,5034003,133,Y,1,1,0,,N,0,0,G2201F1,22,,3.10203E+11,,N,,A,,,
495767737,2.02312E+13,1,0,SCHED,4/27/23 0:00,,3556021,109,Y,1,1,0,,N,0,0,P1726G1,,,,,N,,,,,
495767746,2.02312E+13,3,0,DELETE,4/26/23 0:00,,5314770,18,Y,1,1,0,,N,0,0,C1523F2,22,,3.10205E+11,,N,,A,,,
495767752,2.02312E+13,1,0,SCHED,4/27/23 0:00,,8450255,75,Y,3,3,0,,N,0,0,E5827E3,,,,,N,,,,,
495767754,2.02312E+13,1,0,DELETE,4/26/23 0:00,,8700220,91,Y,1,1,0,,N,0,0,H1708C4,23,,3.10205E+11,,N,,A,,,
495767761,2.02312E+13,1,0,SCHED,4/27/23 0:00,,3241524,83,Y,1,1,0,,N,0,0,E2224E2,,,,,N,,,,,
495767769,2.02312E+13,3,0,DELETE,4/26/23 0:00,,5230532,208,Y,1,1,0,,N,0,0,E5831F3,23,,3.10205E+11,,N,,A,,,
495767792,2.02312E+13,10,0,DELETE,4/26/23 0:00,,3555993,83,Y,1,1,0,,N,0,0,D6019C2,22,,3.10205E+11,,N,,A,,,
495767859,2.02312E+13,5,0,DELETE,4/26/23 0:00,,2242714,42,Y,1,1,0,,N,0,0,M2818D1,22,,3.10205E+11,,N,,A,,,
495771271,2.02312E+13,3,0,SCHED,4/27/23 0:00,,5311888,117,Y,1,1,0,,N,0,0,D2932D1,,,,,N,,,,,
495771797,2.02312E+13,1,0,DELETE,4/26/23 0:00,,9622422,91,Y,1,1,0,,N,0,0,M2534D2,21,,3.10208E+11,,N,,A,,,
495773268,2.02312E+13,12,0,DELETE,4/26/23 0:00,,8141767,67,Y,1,1,0,,N,0,0,H3801A2,23,,3.10209E+11,,N,,A,,,
495773902,2.02312E+13,1,0,DELETE,4/26/23 0:00,,2297030,83,Y,1,1,0,,N,0,0,H2514F2,22,,3.1021E+11,,N,,A,,,
495774121,2.02312E+13,1,0,DELETE,4/26/23 0:00,4/26/23 0:00,9621266,91,Y,1,1,0,,N,0,0,B2117H2,23,,3.1021E+11,N,N,,A,,,
495775252,2.02312E+13,1,0,SCHED,4/27/23 0:00,,8451028,299,Y,1,1,0,,N,0,0,N3316H2,,,,,N,,,,,
495776078,2.02312E+13,1,0,DELETE,4/26/23 0:00,,9622422,91,Y,1,1,0,,N,0,0,M2504F3,21,,3.10208E+11,,N,,A,,,
495780028,2.02312E+13,2,0,SCHED,4/27/23 0:00,,1166743,42,Y,3,3,0,,N,0,0,C1519C1,,,,,N,,,,,
495782481,2.02312E+13,2,0,SCHED,4/27/23 0:00,,2889013,67,Y,1,1,0,,N,0,0,P0522B2,,,,,N,,,,,
495782728,2.02312E+13,1,0,SCHED,4/27/23 0:00,,8941224,257,Y,1,1,0,,N,0,0,D2109F2,,,,,N,,,,,
495785189,2.02312E+13,2,0,SCHED,4/27/23 0:00,,8450858,3301,Y,1,1,0,,N,0,0,N4710A1,,,,,N,,,,,
495786629,2.02312E+13,1,0,SCHED,4/27/23 0:00,,8941224,224,Y,1,1,0,,N,0,0,D2119D1,,,,,N,,,,,
495787068,2.02312E+13,1,0,SCHED,4/27/23 0:00,,8141552,208,Y,1,1,0,,N,0,0,N2319F3,,,,,N,,,,,
495787070,2.02312E+13,1,0,SCHED,4/27/23 0:00,,5314810,59,Y,1,1,0,,N,0,0,B1327F4,,,,,N,,,,,
495787128,2.02312E+13,2,0,SCHED,4/27/23 0:00,,2237108,190,Y,1,1,0,,N,0,0,D5534G1,,,,,N,,,,,
495788333,2.02312E+13,1,0,SCHED,4/27/23 0:00,,2232361,75,Y,1,1,0,,N,0,0,P0724B3,,,,,N,,,,,
495788543,2.02312E+13,2,0,SCHED,4/27/23 0:00,,2570216,109,Y,1,1,0,,N,0,0,H1635D1,,,,,N,,,,,
495789985,2.02312E+13,3,0,SCHED,4/27/23 0:00,,4211049,59,Y,1,1,0,,N,0,0,N2420B3,,,,,N,,,,,
495790560,2.02312E+13,2,0,SCHED,4/27/23 0:00,,2530367,67,Y,1,1,0,,N,0,0,B3329C3,,,,,N,,,,,
495502451,2.02311E+13,7,0,DELETE,4/24/23 0:00,4/24/23 0:00,8171617,299,Y,1,1,0,,N,0,0,Q0823F1,62,,3.10014E+11,,N,,A,,,
495503225,2.02311E+13,1,0,DELETE,4/24/23 0:00,4/24/23 0:00,2281235,34,Y,1,1,0,,N,0,0,Q0912A3,63,,3.10015E+11,,N,,A,,,
495503439,2.02311E+13,1,0,DELETE,4/24/23 0:00,4/24/23 0:00,1222786,539,Y,1,1,0,,N,0,0,B2117H1,63,,3.10015E+11,N,N,,A,,,
495503509,2.02311E+13,1,0,DELETE,4/24/23 0:00,4/24/23 0:00,2540108,703,Y,1,1,0,,N,0,0,E2808E4,62,,3.10015E+11,,N,,A,,,
495505062,2.02311E+13,1,0,DELETE,4/24/23 0:00,4/24/23 0:00,7404149,18,Y,2,2,0,,N,0,0,Z2749A1,63,,3.10016E+11,,N,,A,,,
495507455,2.02311E+13,1,0,DELETE,4/24/23 0:00,4/24/23 0:00,8173131,281,Y,1,1,0,,N,0,0,M1714A3,62,,3.10017E+11,,N,,A,,,
495526142,2.02311E+13,1,0,DELETE,4/24/23 0:00,4/24/23 0:00,1020313,18,Y,1,1,0,,N,0,0,N4803C2,62,,3.1003E+11,,N,,A,,,
495530492,2.02311E+13,4,0,DELETE,4/24/23 0:00,4/24/23 0:00,1020313,18,Y,1,1,0,,N,0,0,N4803C2,62,,3.10033E+11,,N,,A,,,
495530553,2.02311E+13,2,0,DELETE,4/23/23 0:00,4/23/23 0:00,4152763,67,Y,1,1,0,,N,0,0,A3519A3,84,,3.10033E+11,,N,,A,,,
495530779,2.02311E+13,1,0,DELETE,4/23/23 0:00,4/23/23 0:00,7893586,18,Y,8,8,0,,N,0,0,E5009B2,81,,3.10034E+11,N,N,,A,,,
495530887,2.02311E+13,4,0,DELETE,4/23/23 0:00,4/23/23 0:00,8450605,83,Y,1,1,0,,N,0,0,Q2724D3,85,,3.10034E+11,,N,,A,,,
495532138,2.02311E+13,1,0,DELETE,4/24/23 0:00,4/24/23 0:00,8451067,109,Y,1,1,0,,N,0,0,E3602H4,61,,3.10035E+11,,N,,A,,,
495532773,2.02311E+13,1,0,DELETE,4/24/23 0:00,4/24/23 0:00,3487129,26,Y,3,3,0,,N,0,0,D3940G4,62,,3.10035E+11,,N,,A,,,
495533609,2.02311E+13,1,0,DELETE,4/24/23 0:00,4/24/23 0:00,8451028,281,Y,1,1,0,,N,0,0,N3302B1,63,,3.10036E+11,,N,,A,,,
495535562,2.02311E+13,10,0,DELETE,4/23/23 0:00,4/23/23 0:00,3232286,83,Y,1,1,0,,N,0,0,P0826B5,85,,3.10037E+11,,N,,A,,,
495535889,2.02311E+13,5,0,DELETE,4/23/23 0:00,4/23/23 0:00,5040272,91,Y,1,1,0,,N,0,0,N3514F1,85,,3.10037E+11,,N,,A,,,
495536125,2.02311E+13,2,0,DELETE,4/23/23 0:00,4/23/23 0:00,8451028,299,Y,1,1,0,,N,0,0,N3316H2,84,,3.10037E+11,,N,,A,,,
495537596,2.02311E+13,5,0,DELETE,4/24/23 0:00,,2330352,240,Y,1,1,0,,N,0,0,D1619C1,26,,3.10038E+11,,N,,A,,,
495540774,2.02311E+13,3,0,DELETE,4/24/23 0:00,4/24/23 0:00,8190392,59,Y,1,1,0,,N,0,0,Q2724D4,61,,3.10041E+11,,N,,A,,,
495545075,2.02311E+13,5,0,DELETE,4/23/23 0:00,4/23/23 0:00,8145030,67,Y,1,1,0,,N,0,0,B4425D2,86,,3.10044E+11,,N,,A,,,
495545169,2.02311E+13,3,0,DELETE,4/23/23 0:00,4/23/23 0:00,8451068,91,Y,1,1,0,,N,0,0,N1936H4,86,,3.10044E+11,,N,,A,,,
495546090,2.02311E+13,3,0,DELETE,4/24/23 0:00,4/24/23 0:00,1523002,59,Y,1,1,0,,N,0,0,D0711D1,64,,3.10044E+11,,N,,A,,,
495546337,2.02311E+13,3,0,DELETE,4/24/23 0:00,4/24/23 0:00,8451068,75,Y,1,1,0,,N,0,0,N1924F6,64,,3.10045E+11,,N,,A,,,
495548888,2.02311E+13,1,0,DELETE,4/25/23 0:00,4/25/23 0:00,3211661,34,Y,1,1,0,,N,0,0,M4020B2,2,,3.10047E+11,,N,,A,,,
495549213,2.02311E+13,1,0,DELETE,4/24/23 0:00,4/24/23 0:00,2232727,67,Y,1,1,0,,N,0,0,M1716F5,63,,3.10047E+11,,N,,A,,,
495550191,2.02311E+13,3,0,DELETE,4/24/23 0:00,,2281231,91,Y,1,1,0,,N,0,0,E3105D1,66,,3.10047E+11,,N,,A,,,
495558616,2.02311E+13,5,0,DELETE,4/24/23 0:00,,8460756,257,Y,1,1,0,,N,0,0,N1305D1,66,,3.10055E+11,,N,,A,,,
495582276,2.02311E+13,1,0,DELETE,4/24/23 0:00,,1442960,42,Y,1,1,0,,N,0,0,C5428E1,25,,3.10073E+11,,N,,A,,,
495599753,2.02311E+13,3,0,DELETE,4/24/23 0:00,,8530145,75,Y,1,1,0,,N,0,0,B1522F5,27,,3.10087E+11,,N,,A,,,
495613880,2.02311E+13,1,0,DELETE,4/24/23 0:00,,8251077,91,Y,1,1,0,,N,0,0,A2008D1,22,,3.10098E+11,,N,,A,,,
495614932,2.02311E+13,6,0,DELETE,4/24/23 0:00,,3232286,83,Y,1,1,0,,N,0,0,P0826B5,24,,3.10098E+11,,N,,A,,,
495617309,2.02311E+13,1,0,DELETE,4/24/23 0:00,,8511742,91,Y,1,1,0,,N,0,0,B1922F5,22,,3.101E+11,,N,,A,,,
312228266,2.02311E+13,2,0,DELETE,4/25/23 0:00,4/25/23 0:00,2239945,91,Y,1,1,0,,N,0,0,C2633B4,64,,4.22854E+11,,N,,A,,,
312228592,2.02311E+13,4,0,DELETE,4/24/23 0:00,4/24/23 0:00,4221394,42,Y,1,1,0,,N,0,0,H3441C3,6,,4.22854E+11,,N,,A,,,
312229451,2.02311E+13,3,0,DELETE,4/26/23 0:00,4/26/23 0:00,5110143,91,Y,1,1,0,,N,0,0,E1309G1,4,,4.22855E+11,,N,,A,,,
312230300,2.02311E+13,2,0,DELETE,4/24/23 0:00,4/24/23 0:00,8440612,42,Y,1,1,0,,N,0,0,B1816C3,6,,4.22855E+11,,N,,A,,,
312231516,2.02311E+13,4,0,DELETE,4/25/23 0:00,4/25/23 0:00,2293119,158,Y,1,1,0,,N,0,0,H3816C3,67,,4.22856E+11,,N,,A,,,
312231698,2.02311E+13,1,0,DELETE,4/24/23 0:00,4/24/23 0:00,7430936,18,Y,1,1,0,,N,0,0,F1449E3,3,,4.22856E+11,,N,,A,,,
312239456,2.02311E+13,4,0,DELETE,4/25/23 0:00,4/25/23 0:00,2239945,83,Y,1,1,0,,N,0,0,C2628B5,68,,4.22861E+11,,N,,A,,,
312244670,2.02311E+13,3,0,DELETE,4/24/23 0:00,4/24/23 0:00,1237005,67,Y,1,1,0,,N,0,0,G1612C1,3,,4.22864E+11,,N,,A,,,
312247302,2.02311E+13,2,0,DELETE,4/24/23 0:00,4/24/23 0:00,7213651,18,Y,1,1,0,,N,0,0,O0530TR,0,,8.42232E+11,,N,,W,,,
312250679,2.02311E+13,1,0,DELETE,4/24/23 0:00,4/24/23 0:00,1234121,75,Y,1,1,0,,N,0,0,F1217E3,7,,4.22868E+11,,N,,A,,,
312252143,2.02311E+13,5,0,DELETE,4/24/23 0:00,4/24/23 0:00,153008,83,Y,1,1,0,,N,0,0,V0329D2,3,,4.22869E+11,,N,,A,,,
312252992,2.02311E+13,1,0,DELETE,4/25/23 0:00,4/25/23 0:00,8941204,26,Y,1,1,0,,N,0,0,B1542D3,66,,4.2287E+11,,N,,A,,,
312253317,2.02311E+13,1,0,DELETE,4/26/23 0:00,4/26/23 0:00,5312672,75,Y,1,1,0,,N,0,0,A0410A5,5,,4.2287E+11,,N,,A,,,
312254376,2.02311E+13,2,0,DELETE,4/25/23 0:00,4/25/23 0:00,2353820,273,Y,1,1,0,,N,0,0,H3511D3,64,,4.22871E+11,,N,,A,,,
312256353,2.02311E+13,3,0,DELETE,4/26/23 0:00,4/26/23 0:00,8143076,91,Y,1,1,0,,N,0,0,C3417C2,2,,4.22872E+11,,N,,A,,,
312258803,2.02311E+13,15,0,DELETE,4/26/23 0:00,4/26/23 0:00,3232286,83,Y,1,1,0,,N,0,0,A2006G3,2,,4.22874E+11,,N,,A,,,
312261848,2.02311E+13,3,0,DELETE,4/26/23 0:00,4/26/23 0:00,8451028,307,Y,1,1,0,,N,0,0,E2631B4,1,,4.22876E+11,,N,,A,,,
312261877,2.02311E+13,7,0,DELETE,4/25/23 0:00,4/25/23 0:00,8460374,91,Y,1,1,0,,N,0,0,E2924E3,68,,4.22876E+11,,N,,A,,,
312261878,2.02311E+13,5,0,DELETE,4/26/23 0:00,4/26/23 0:00,9830410,687,Y,1,1,0,,N,0,0,F3833F1,6,,4.22876E+11,,N,,A,,,
312262153,2.02311E+13,4,0,DELETE,4/26/23 0:00,4/26/23 0:00,8143076,91,Y,1,1,0,,N,0,0,C3417C2,6,,4.22876E+11,,N,,A,,,
312262246,2.02311E+13,2,0,DELETE,4/26/23 0:00,4/26/23 0:00,8143076,91,Y,1,1,0,,N,0,0,C3417C2,6,,4.22876E+11,,N,,A,,,
312262438,2.02311E+13,2,0,DELETE,4/26/23 0:00,4/26/23 0:00,1292010,109,Y,1,1,0,,N,0,0,D1838C1,8,,4.22876E+11,,N,,A,,,
312262987,2.02311E+13,4,0,DELETE,4/26/23 0:00,4/26/23 0:00,8451049,83,Y,1,1,0,,N,0,0,D1535B3,1,,4.22876E+11,,N,,A,,,
312262988,2.02311E+13,6,0,DELETE,4/26/23 0:00,4/26/23 0:00,8451049,83,Y,1,1,0,,N,0,0,D1535B3,1,,4.22876E+11,,N,,A,,,
312265533,2.02311E+13,4,0,DELETE,4/26/23 0:00,4/26/23 0:00,8143076,83,Y,1,1,0,,N,0,0,C3402C3,6,,4.22878E+11,,N,,A,,,
312266275,2.02311E+13,3,0,DELETE,4/26/23 0:00,4/26/23 0:00,7314386,34,Y,2,2,0,,N,0,0,E3735C5,7,,4.22878E+11,,N,,A,,,
312266349,2.02311E+13,2,0,DELETE,4/25/23 0:00,4/25/23 0:00,1245020,91,Y,3,3,0,,N,0,0,C2233G6,67,,4.22878E+11,,N,,A,,,
312269740,2.02311E+13,5,0,DELETE,4/26/23 0:00,4/26/23 0:00,2440196,67,Y,1,1,0,,N,0,0,E2013D3,6,,4.22881E+11,,N,,A,,,
312271724,2.02311E+13,6,0,DELETE,4/26/23 0:00,4/26/23 0:00,4152988,59,Y,1,1,0,,N,0,0,G1601C9,8,,4.22882E+11,,N,,A,,,
312272810,2.02311E+13,3,0,DELETE,4/26/23 0:00,4/26/23 0:00,8143076,91,Y,1,1,0,,N,0,0,C3417C2,6,,4.22883E+11,,N,,A,,,
312274781,2.02311E+13,2,0,DELETE,4/26/23 0:00,4/26/23 0:00,5230473,18,Y,1,1,0,,N,0,0,H3007B2,6,,4.22884E+11,,N,,A,,,
312276849,2.02311E+13,1,0,DELETE,4/26/23 0:00,4/26/23 0:00,5690172,653,Y,1,1,0,,N,0,0,B3428B1,5,,4.22886E+11,,N,,A,,,
312277331,2.02311E+13,1,0,DELETE,4/26/23 0:00,4/26/23 0:00,572003,91,Y,1,1,0,,N,0,0,I1711C1,8,,4.22886E+11,,N,,A,,,
312277402,2.02311E+13,1,0,DELETE,4/26/23 0:00,4/26/23 0:00,2285120,67,Y,1,1,0,,N,0,0,F3418C6,6,,4.22886E+11,,N,,A,,,
312277675,2.02311E+13,11,0,DELETE,4/26/23 0:00,4/26/23 0:00,8580528,1230,Y,1,1,0,,N,0,0,A3035B1,6,,4.22886E+11,,N,,A,,,
312277697,2.02311E+13,5,0,DELETE,4/26/23 0:00,4/26/23 0:00,2231772,67,Y,1,1,0,,N,0,0,E4045A1,5,,4.22886E+11,,N,,A,,,
312277755,2.02311E+13,1,0,DELETE,4/26/23 0:00,4/26/23 0:00,2340113,91,Y,1,1,0,,N,0,0,C3609F1,6,,4.22886E+11,,N,,A,,,
312278375,2.02311E+13,7,0,DELETE,4/26/23 0:00,4/26/23 0:00,7110160,83,Y,1,1,0,,N,0,0,E3134F1,6,,4.22887E+11,,N,,A,,,
312279092,2.02311E+13,5,0,DELETE,4/26/23 0:00,4/26/23 0:00,2281235,75,Y,1,1,0,,N,0,0,G3116E1,6,,4.22887E+11,,N,,A,,,
312281655,2.02311E+13,2,0,DELETE,4/26/23 0:00,4/26/23 0:00,8941204,26,Y,1,1,0,,N,0,0,B1542D3,3,,4.22889E+11,,N,,A,,,
312281945,2.02311E+13,1,0,DELETE,4/26/23 0:00,4/26/23 0:00,572002,91,Y,1,1,0,,N,0,0,V0935B3,8,,4.22889E+11,,N,,A,,,
312283244,2.02312E+13,1,0,DELETE,4/26/23 0:00,4/26/23 0:00,8451028,299,Y,2,2,0,,N,0,0,E2525A2,4,,4.2289E+11,,N,,A,,,
312283637,2.02312E+13,2,0,SCHED,4/26/23 0:00,,5644121,91,Y,1,1,0,,N,0,0,D3435E2,,,,,N,,,,,
312284058,2.02312E+13,4,0,DELETE,4/26/23 0:00,4/26/23 0:00,8511772,67,Y,1,1,0,,N,0,0,G1747E2,4,,4.22891E+11,,N,,A,,,
312284305,2.02312E+13,1,0,SCHED,4/26/23 0:00,,6105051,59,Y,1,1,0,,N,0,0,J0443A1,,,,,N,,,,,
312284317,2.02312E+13,8,0,SCHED,4/26/23 0:00,,1494912,42,Y,1,1,0,,N,0,0,J0423B1,,,,,N,,,,,
312284338,2.02312E+13,1,0,DELETE,4/26/23 0:00,4/26/23 0:00,1248600,109,Y,3,3,0,,N,0,0,F4041G6,4,,4.22891E+11,,N,,A,,,
312284433,2.02312E+13,1,0,DELETE,4/26/23 0:00,4/26/23 0:00,8251077,83,Y,1,1,0,,N,0,0,G3614C3,3,,4.22891E+11,,N,,A,,,
312284522,2.02312E+13,1,0,DELETE,4/26/23 0:00,4/26/23 0:00,2239945,75,Y,1,1,0,,N,0,0,C2621B4,2,,4.22891E+11,,N,,A,,,
312287906,2.02312E+13,6,0,DELETE,4/26/23 0:00,4/26/23 0:00,8451030,2089,Y,1,1,0,,N,0,0,G4115E4,3,,4.22893E+11,N,N,,A,,,
312291983,2.02312E+13,15,0,DELETE,4/26/23 0:00,4/26/23 0:00,5801455,109,Y,1,1,0,,N,0,0,G3509A2,5,,4.22896E+11,,N,,A,,,
312296373,2.02312E+13,3,0,DELETE,4/26/23 0:00,4/26/23 0:00,9622430,232,Y,1,1,0,,N,0,0,E2431A3,2,,4.22899E+11,,N,,A,,,
312296414,2.02312E+13,2,0,SCHED,4/26/23 0:00,,8511810,190,Y,1,1,0,,N,0,0,E3323E1,,,,,N,,,,,
312297185,2.02312E+13,9,0,DELETE,4/26/23 0:00,4/26/23 0:00,5040459,83,Y,1,1,0,,N,0,0,G4503B2,3,,4.229E+11,,N,,A,,,
312300599,2.02312E+13,1,0,SCHED,4/26/23 0:00,,8433261,83,Y,1,1,0,,N,0,0,D1724B1,,,,,N,,,,,
312301757,2.02312E+13,8,0,SCHED,4/26/23 0:00,,8141767,67,Y,1,1,0,,N,0,0,F4807B1,,,,,N,,,,,
312303804,2.02312E+13,2,0,SCHED,4/27/23 0:00,,8331316,75,Y,1,1,0,,N,0,0,E2031B1,,,,,N,,,,,
312303837,2.02312E+13,1,0,SCHED,4/27/23 0:00,,5168018,505,Y,1,1,0,,N,0,0,E3601F6,,,,,N,,,,,
312304572,2.02312E+13,3,0,SCHED,4/27/23 0:00,,8143076,75,Y,1,1,0,,N,0,0,C3413E2,,,,,N,,,,,
312304859,2.02312E+13,4,0,SCHED,4/27/23 0:00,,1073084,18,Y,1,1,0,,N,0,0,A0718A2,,,,,N,,,,,
312304867,2.02312E+13,2,0,SCHED,4/27/23 0:00,,3486253,42,Y,1,1,0,,N,0,0,A3930E6,,,,,N,,,,,
312304868,2.02312E+13,4,0,SCHED,4/27/23 0:00,,3485724,42,Y,1,1,0,,N,0,0,A3949E5,,,,,N,,,,,
312304869,2.02312E+13,5,0,SCHED,4/27/23 0:00,,3484656,34,Y,1,1,0,,N,0,0,D1710E1,,,,,N,,,,,
312304875,2.02312E+13,5,0,SCHED,4/27/23 0:00,,4230343,42,Y,1,1,0,,N,0,0,A3948E6,,,,,N,,,,,
312304882,2.02312E+13,6,0,SCHED,4/27/23 0:00,,3555352,109,Y,1,1,0,,N,0,0,A3946E6,,,,,N,,,,,
312304911,2.02312E+13,1,0,SCHED,4/27/23 0:00,,9622531,67,Y,1,1,0,,N,0,0,E2211F1,,,,,N,,,,,
312311234,2.02312E+13,7,0,SCHED,4/27/23 0:00,,3232286,83,Y,1,1,0,,N,0,0,A2006G3,,,,,N,,,,,
312312918,2.02312E+13,1,0,SCHED,4/27/23 0:00,,7314598,109,Y,1,1,0,,N,0,0,D1046D3,,,,,N,,,,,
312313669,2.02312E+13,11,0,SCHED,4/27/23 0:00,,3232286,83,Y,1,1,0,,N,0,0,A2006G3,,,,,N,,,,,
312313927,2.02312E+13,1,0,SCHED,4/27/23 0:00,,7314598,109,Y,1,1,0,,N,0,0,D1022C2,,,,,N,,,,,
312313938,2.02312E+13,4,0,SCHED,4/27/23 0:00,,8451028,67,Y,1,1,0,,N,0,0,E2553E6,,,,,N,,,,,
312314488,2.02312E+13,2,0,SCHED,4/27/23 0:00,,4281130,166,Y,1,1,0,,N,0,0,H3108C4,,,,,N,,,,,
312314720,2.02312E+13,1,0,SCHED,4/27/23 0:00,,5202000,2493,Y,5,5,0,,N,0,0,E3510H1,,,,,N,,,,,
312316361,2.02312E+13,1,0,SCHED,4/27/23 0:00,,5202000,2493,Y,1,1,0,N,N,0,0,E3520E5,,,,,N,,,,,
312153242,2.02311E+13,1,0,DELETE,4/21/23 0:00,4/21/23 0:00,5645002,109,Y,1,1,0,,N,0,0,D3847F4,3,,4.22806E+11,,N,,A,,,
312154347,2.02311E+13,3,0,DELETE,4/21/23 0:00,4/21/23 0:00,2220200,83,Y,1,1,0,,N,0,0,D3537G1,4,,4.22807E+11,,N,,A,,,
312156465,2.02311E+13,2,0,DELETE,4/21/23 0:00,4/21/23 0:00,8143076,83,Y,1,1,0,,N,0,0,C3402C3,3,,4.22808E+11,,N,,A,,,
312157259,2.02311E+13,2,0,DELETE,4/24/23 0:00,4/24/23 0:00,8451067,91,Y,1,1,0,,N,0,0,E3918C4,1,,4.22809E+11,,N,,A,,,
312159713,2.02311E+13,3,0,DELETE,4/21/23 0:00,4/21/23 0:00,8240312,1271,Y,1,1,0,,N,0,0,C3932B3,4,,4.2281E+11,,N,,A,,,
312160353,2.02311E+13,1,0,DELETE,4/24/23 0:00,4/24/23 0:00,7312606,75,Y,8,8,0,,N,0,0,D1737A1,3,,4.22811E+11,N,N,,A,,,
312160617,2.02311E+13,7,0,DELETE,4/21/23 0:00,4/21/23 0:00,8600880,75,Y,1,1,0,,N,0,0,E1412B1,2,,4.22811E+11,,N,,A,,,
312160745,2.02311E+13,1,0,DELETE,4/24/23 0:00,4/24/23 0:00,7312606,75,Y,2,2,0,N,N,0,0,PBO,3,,4.22811E+11,N,N,,A,,,
312160969,2.02311E+13,2,0,DELETE,4/24/23 0:00,4/24/23 0:00,8534024,91,Y,2,2,0,,N,0,0,E2030B2,1,,4.22811E+11,,N,,A,,,
312163401,2.02311E+13,7,0,DELETE,4/21/23 0:00,4/21/23 0:00,7314691,42,Y,2,2,0,,N,0,0,F4119D1,1,,4.22813E+11,,N,,A,,,
312165596,2.02311E+13,1,0,DELETE,4/21/23 0:00,4/21/23 0:00,5040459,75,Y,1,1,0,,N,0,0,G4513B2,1,,4.22814E+11,,N,,A,,,
312165818,2.02311E+13,1,0,DELETE,4/21/23 0:00,4/21/23 0:00,1692055,83,Y,1,1,0,,N,0,0,G3121B1,3,,4.22814E+11,,N,,A,,,
312165893,2.02311E+13,2,0,DELETE,4/21/23 0:00,4/21/23 0:00,5230460,141,Y,1,1,0,,N,0,0,B4214B5,2,,4.22814E+11,,N,,A,,,
312165941,2.02311E+13,4,0,DELETE,4/21/23 0:00,4/21/23 0:00,5643068,3475,Y,1,1,0,,N,0,0,C3332A2,3,,4.22814E+11,,N,,A,,,
312165972,2.02311E+13,3,0,DELETE,4/21/23 0:00,4/21/23 0:00,5230460,141,Y,1,1,0,,N,0,0,B4214B5,2,,4.22814E+11,,N,,A,,,
312167298,2.02311E+13,1,0,DELETE,4/21/23 0:00,4/21/23 0:00,1121236,232,Y,1,1,0,,N,0,0,C2902D1,3,,4.22815E+11,,N,,A,,,
312168119,2.02311E+13,1,0,DELETE,4/21/23 0:00,4/21/23 0:00,7169030,265,Y,2,2,0,,N,0,0,E3142E1,1,,4.22816E+11,,N,,A,,,
312168135,2.02311E+13,7,0,DELETE,4/21/23 0:00,4/21/23 0:00,9622458,26,Y,1,1,0,,N,0,0,G4244E4,1,,4.22816E+11,,N,,A,,,
312168460,2.02311E+13,1,0,DELETE,4/21/23 0:00,4/21/23 0:00,8401184,109,Y,1,1,0,,N,0,0,H1033C2,1,,4.22816E+11,,N,,A,,,
312169146,2.02311E+13,4,0,DELETE,4/21/23 0:00,4/21/23 0:00,9622458,232,Y,1,1,0,,N,0,0,G4222E3,1,,4.22817E+11,,N,,A,,,
312169589,2.02311E+13,1,0,DELETE,4/21/23 0:00,4/21/23 0:00,7430894,18,Y,2,2,0,,N,0,0,D4601B3,1,,4.22817E+11,,N,,A,,,
312170459,2.02311E+13,6,0,DELETE,4/24/23 0:00,4/24/23 0:00,8174076,67,Y,1,1,0,,N,0,0,C4103C2,6,,4.22818E+11,,N,,A,,,
312170594,2.02311E+13,1,0,DELETE,4/24/23 0:00,4/24/23 0:00,1120827,174,Y,1,1,0,,N,0,0,F2103B2,2,,4.22818E+11,,N,,A,,,
312171094,2.02311E+13,2,0,DELETE,4/24/23 0:00,4/24/23 0:00,9622061,42,Y,1,1,0,,N,0,0,F3935D1,8,,4.22818E+11,,N,,A,,,
312171526,2.02311E+13,2,0,DELETE,4/24/23 0:00,4/24/23 0:00,3233003,34,Y,1,1,0,,N,0,0,D3547G6,7,,4.22818E+11,,N,,A,,,
312171757,2.02311E+13,1,0,DELETE,4/24/23 0:00,4/24/23 0:00,8451028,273,Y,1,1,0,,N,0,0,E2647C6,2,,4.22818E+11,,N,,A,,,
312171758,2.02311E+13,2,0,DELETE,4/24/23 0:00,4/24/23 0:00,8451068,75,Y,1,1,0,,N,0,0,E3708C2,2,,4.22818E+11,,N,,A,,,
312183472,2.02311E+13,1,0,DELETE,4/24/23 0:00,4/24/23 0:00,9451480,42,Y,1,1,0,,N,0,0,G3631B4,6,,4.22825E+11,,N,,A,,,
312183938,2.02311E+13,12,0,DELETE,4/24/23 0:00,4/24/23 0:00,7290542,42,Y,1,1,0,,N,0,0,G1429E2,1,,4.22825E+11,,N,,A,,,
312185937,2.02311E+13,5,0,DELETE,4/24/23 0:00,4/24/23 0:00,1523000,91,Y,1,1,0,,N,0,0,J0443D3,7,,4.22827E+11,,N,,A,,,
312186887,2.02311E+13,3,0,DELETE,4/24/23 0:00,4/24/23 0:00,8451068,91,Y,1,1,0,,N,0,0,E3725C2,7,,4.22827E+11,,N,,A,,,
312187632,2.02311E+13,1,0,DELETE,4/24/23 0:00,4/24/23 0:00,2838015,18,Y,1,1,0,,N,0,0,K0120A1,3,,4.22828E+11,,N,,A,,,
312189885,2.02311E+13,1,0,DELETE,4/24/23 0:00,4/24/23 0:00,8451068,91,Y,1,1,0,,N,0,0,E3725C2,8,,4.22829E+11,,N,,A,,,
312190283,2.02311E+13,3,0,DELETE,4/24/23 0:00,4/24/23 0:00,2880612,83,Y,1,1,0,,N,0,0,E2104C6,3,,4.22829E+11,,N,,A,,,
312190313,2.02311E+13,6,0,DELETE,4/24/23 0:00,4/24/23 0:00,8143076,75,Y,1,1,0,,N,0,0,C3413E2,8,,4.2283E+11,,N,,A,,,
312190636,2.02311E+13,5,0,DELETE,4/24/23 0:00,4/24/23 0:00,8451068,83,Y,1,1,0,,N,0,0,E3736E1,3,,4.2283E+11,,N,,A,,,
312190755,2.02311E+13,4,0,DELETE,4/24/23 0:00,4/24/23 0:00,8143076,83,Y,1,1,0,,N,0,0,C3402C3,7,,4.2283E+11,,N,,A,,,
312190958,2.02311E+13,3,0,DELETE,4/24/23 0:00,4/24/23 0:00,5230460,257,Y,1,1,0,,N,0,0,B3643C4,8,,4.2283E+11,,N,,A,,,
312191887,2.02311E+13,3,0,DELETE,4/24/23 0:00,4/24/23 0:00,3241577,42,Y,1,1,0,,N,0,0,G2149C1,1,,4.2283E+11,,N,,A,,,
312191888,2.02311E+13,7,0,DELETE,4/24/23 0:00,4/24/23 0:00,3241602,42,Y,1,1,0,,N,0,0,D3638G3,1,,4.2283E+11,,N,,A,,,
312194410,2.02311E+13,1,0,DELETE,4/24/23 0:00,4/24/23 0:00,2440597,59,Y,1,1,0,,N,0,0,E3140C3,6,,4.22832E+11,,N,,A,,,
312194674,2.02311E+13,4,0,DELETE,4/24/23 0:00,4/24/23 0:00,3232309,42,Y,1,1,0,,N,0,0,C3739C3,5,,4.22832E+11,,N,,A,,,
312195988,2.02311E+13,2,0,DELETE,4/24/23 0:00,4/24/23 0:00,7314690,18,Y,4,4,0,,N,0,0,F1117C4,3,,4.22833E+11,,N,,A,,,
312196037,2.02311E+13,2,0,DELETE,4/24/23 0:00,4/24/23 0:00,7314690,18,Y,1,1,0,,N,0,0,F1116E2,3,,4.22833E+11,,N,,A,,,
312196488,2.02311E+13,1,0,DELETE,4/24/23 0:00,4/24/23 0:00,5352090,91,Y,2,2,0,,N,0,0,G2138E2,6,,4.22834E+11,,N,,A,,,
312196621,2.02311E+13,2,0,DELETE,4/24/23 0:00,4/24/23 0:00,8967038,59,Y,1,1,0,,N,0,0,B2421B2,7,,4.22834E+11,,N,,A,,,
312196899,2.02311E+13,1,0,DELETE,4/24/23 0:00,4/24/23 0:00,7314690,26,Y,3,3,0,,N,0,0,F1149C4,4,,4.22834E+11,,N,,A,,,
312198745,2.02311E+13,1,0,DELETE,4/24/23 0:00,4/24/23 0:00,2282422,67,Y,1,1,0,,N,0,0,A1427C3,6,,4.22835E+11,,N,,A,,,
312198795,2.02311E+13,3,0,DELETE,4/24/23 0:00,4/24/23 0:00,8580532,59,Y,1,1,0,,N,0,0,H3742C4,6,,4.22835E+11,,N,,A,,,
312198796,2.02311E+13,6,0,DELETE,4/24/23 0:00,4/24/23 0:00,8580572,257,Y,1,1,0,,N,0,0,D4030C4,6,,4.22835E+11,,N,,A,,,
312198797,2.02311E+13,7,0,DELETE,4/24/23 0:00,4/24/23 0:00,7290595,59,Y,1,1,0,,N,0,0,H3407E6,6,,4.22835E+11,,N,,A,,,
312200427,2.02311E+13,1,0,DELETE,4/25/23 0:00,4/25/23 0:00,9622061,34,Y,1,1,0,,N,0,0,F3934D1,67,,4.22836E+11,,N,,A,,,
312201281,2.02311E+13,1,0,DELETE,4/24/23 0:00,4/24/23 0:00,7310828,26,Y,2,2,0,,N,0,0,H0906D3,2,,4.22837E+11,,N,,A,,,
312201495,2.02311E+13,1,0,DELETE,4/25/23 0:00,4/25/23 0:00,1214720,422,Y,8,8,0,,N,0,0,B3040C3,65,,4.22837E+11,,N,,A,,,
312201516,2.02311E+13,2,0,DELETE,4/25/23 0:00,4/25/23 0:00,8580554,455,Y,1,1,0,,N,0,0,F4310C4,62,,4.22837E+11,,N,,A,,,
312201517,2.02311E+13,3,0,DELETE,4/25/23 0:00,4/25/23 0:00,8580552,59,Y,1,1,0,,N,0,0,E3016E3,62,,4.22837E+11,,N,,A,,,
312201518,2.02311E+13,4,0,DELETE,4/25/23 0:00,4/25/23 0:00,8580552,653,Y,1,1,0,,N,0,0,E3048E4,62,,4.22837E+11,,N,,A,,,
312201628,2.02311E+13,5,0,DELETE,4/25/23 0:00,4/25/23 0:00,280146,34,Y,1,1,0,,N,0,0,I0701G1,62,,4.22837E+11,,N,,A,,,
312201888,2.02311E+13,3,0,DELETE,4/24/23 0:00,4/24/23 0:00,1292010,91,Y,1,1,0,,N,0,0,D1806E1,1,,4.22837E+11,,N,,A,,,
312202509,2.02311E+13,8,0,DELETE,4/25/23 0:00,4/25/23 0:00,5234454,281,Y,1,1,0,,N,0,0,F1951C6,62,,4.22838E+11,,N,,A,,,
312203412,2.02311E+13,1,0,DELETE,4/25/23 0:00,4/25/23 0:00,1523002,67,Y,1,1,0,,N,0,0,J1051C1,66,,4.22838E+11,,N,,A,,,
312207061,2.02311E+13,2,0,DELETE,4/24/23 0:00,4/24/23 0:00,8969065,59,Y,1,1,0,,N,0,0,A3743H2,7,,4.2284E+11,,N,,A,,,
312209938,2.02311E+13,1,0,DELETE,4/25/23 0:00,4/25/23 0:00,163033,174,Y,1,1,0,,N,0,0,J0631A1,63,,4.22842E+11,,N,,A,,,
312216274,2.02311E+13,3,0,DELETE,4/25/23 0:00,4/25/23 0:00,8511742,91,Y,1,1,0,,N,0,0,C2011B1,62,,4.22846E+11,,N,,A,,,
312223210,2.02311E+13,1,0,DELETE,4/25/23 0:00,4/25/23 0:00,5040272,91,Y,3,3,0,,N,0,0,C2702F2,64,,4.2285E+11,,N,,A,,,
312226591,2.02311E+13,5,0,DELETE,4/24/23 0:00,4/24/23 0:00,8400907,75,Y,1,1,0,,N,0,0,A3741E4,3,,4.22853E+11,,N,,A,,,
312227877,2.02311E+13,2,0,DELETE,4/25/23 0:00,4/25/23 0:00,8451068,83,Y,1,1,0,,N,0,0,E3736E1,63,,4.22854E+11,,N,,A,,,